time,county_name,pred_proba
2024-05-21 00:00:00,Lyon,0.008911578
2024-05-21 00:00:00,Marshall,0.551095
2024-05-21 00:00:00,Jones,0.002288083
2024-05-21 00:00:00,Van Buren,0.016618827
2024-05-21 00:00:00,Henry,0.006043313
2024-05-21 00:00:00,Marion,0.013147854
2024-05-21 00:00:00,Monroe,0.7227372
2024-05-21 00:00:00,Cherokee,0.03694138
2024-05-21 00:00:00,Iowa,0.0529205
2024-05-21 00:00:00,Kossuth,0.0052768895
2024-05-21 00:00:00,Dubuque,0.0017449636
2024-05-21 00:00:00,Story,0.036359854
2024-05-21 00:00:00,Fremont,0.036804575
2024-05-21 00:00:00,Lucas,0.038783684
2024-05-21 00:00:00,Mahaska,0.029441329
2024-05-21 00:00:00,Muscatine,0.00893893
2024-05-21 00:00:00,Obrien,0.0007215009
2024-05-21 00:00:00,Linn,0.007893291
2024-05-21 00:00:00,Emmet,0.0010593301
2024-05-21 00:00:00,Benton,0.034983132
2024-05-21 00:00:00,Jefferson,0.010508891
2024-05-21 00:00:00,Pottawattamie,0.0012669681
2024-05-21 00:00:00,Butler,0.0060489783
2024-05-21 00:00:00,Boone,0.017509213
2024-05-21 00:00:00,Winneshiek,0.0040179226
2024-05-21 00:00:00,Woodbury,0.002678042
2024-05-21 00:00:00,Decatur,0.029887931
2024-05-21 00:00:00,Audubon,0.002006371
2024-05-21 00:00:00,Calhoun,0.009980131
2024-05-21 00:00:00,Allamakee,0.002868862
2024-05-21 00:00:00,Buena Vista,0.0041064606
2024-05-21 00:00:00,Cerro Gordo,0.0048288624
2024-05-21 00:00:00,Madison,0.003750306
2024-05-21 00:00:00,Warren,0.011529742
2024-05-21 00:00:00,Scott,0.004912489
2024-05-21 00:00:00,Chickasaw,0.003768128
2024-05-21 00:00:00,Hardin,0.06295136
2024-05-21 00:00:00,Buchanan,0.0037313374
2024-05-21 00:00:00,Harrison,0.008541632
2024-05-21 00:00:00,Mitchell,0.0031026732
2024-05-21 00:00:00,Montgomery,0.002000739
2024-05-21 00:00:00,Poweshiek,0.03625953
2024-05-21 00:00:00,Floyd,0.007357696
2024-05-21 00:00:00,Clayton,0.0016635268
2024-05-21 00:00:00,Page,0.010892618
2024-05-21 00:00:00,Worth,0.0029490802
2024-05-21 00:00:00,Cedar,0.028419891
2024-05-21 00:00:00,Grundy,0.019231629
2024-05-21 00:00:00,Adams,0.0005689928
2024-05-21 00:00:00,Winnebago,0.0041052382
2024-05-21 00:00:00,Polk,0.05217921
2024-05-21 00:00:00,Mills,0.0031445366
2024-05-21 00:00:00,Webster,0.015317577
2024-05-21 00:00:00,Plymouth,0.0114886705
2024-05-21 00:00:00,Delaware,0.0011591121
2024-05-21 00:00:00,Ringgold,0.01702561
2024-05-21 00:00:00,Sioux,0.0030314834
2024-05-21 00:00:00,Louisa,0.0015015855
2024-05-21 00:00:00,Jackson,0.00073046435
2024-05-21 00:00:00,Black Hawk,0.029609766
2024-05-21 00:00:00,Howard,0.0048825485
2024-05-21 00:00:00,Hamilton,0.040651586
2024-05-21 00:00:00,Clinton,0.002453971
2024-05-21 00:00:00,Des Moines,0.0013700096
2024-05-21 00:00:00,Taylor,0.00070471416
2024-05-21 00:00:00,Fayette,0.0035414854
2024-05-21 00:00:00,Jasper,0.076478146
2024-05-21 00:00:00,Shelby,0.0014904346
2024-05-21 00:00:00,Pocahontas,0.0032475528
2024-05-21 00:00:00,Davis,0.5171345
2024-05-21 00:00:00,Keokuk,0.006266463
2024-05-21 00:00:00,Greene,0.014087258
2024-05-21 00:00:00,Franklin,0.0030576931
2024-05-21 00:00:00,Monona,0.0033553645
2024-05-21 00:00:00,Cass,0.0012997672
2024-05-21 00:00:00,Crawford,0.014067092
2024-05-21 00:00:00,Osceola,0.00044375344
2024-05-21 00:00:00,Palo Alto,0.013371923
2024-05-21 00:00:00,Adair,0.0012975909
2024-05-21 00:00:00,Wayne,0.3159156
2024-05-21 00:00:00,Wright,0.029431181
2024-05-21 00:00:00,Hancock,0.005791984
2024-05-21 00:00:00,Dickinson,0.0015635727
2024-05-21 00:00:00,Wapello,0.4378003
2024-05-21 00:00:00,Appanoose,0.12612864
2024-05-21 00:00:00,Lee,0.017121542
2024-05-21 00:00:00,Humboldt,0.018760491
2024-05-21 00:00:00,Johnson,0.018746084
2024-05-21 00:00:00,Dallas,0.01860768
2024-05-21 00:00:00,Tama,0.025027068
2024-05-21 00:00:00,Washington,0.0035838052
2024-05-21 00:00:00,Union,0.007408991
2024-05-21 00:00:00,Ida,0.017283581
2024-05-21 00:00:00,Clarke,0.0098698735
2024-05-21 00:00:00,Guthrie,0.004012185
2024-05-21 00:00:00,Sac,0.052069552
2024-05-21 00:00:00,Carroll,0.0038997685
2024-05-21 00:00:00,Clay,0.0017070042
2024-05-21 00:00:00,Bremer,0.0031310322
2024-05-21 01:00:00,Union,0.0023946534
2024-05-21 01:00:00,Plymouth,0.012882768
2024-05-21 01:00:00,Black Hawk,0.010653929
2024-05-21 01:00:00,Clinton,0.0028813302
2024-05-21 01:00:00,Jasper,0.011655439
2024-05-21 01:00:00,Monroe,0.46269384
2024-05-21 01:00:00,Chickasaw,0.002709268
2024-05-21 01:00:00,Delaware,0.0010921005
2024-05-21 01:00:00,Howard,0.0012862355
2024-05-21 01:00:00,Osceola,0.008393858
2024-05-21 01:00:00,Sioux,0.0064031966
2024-05-21 01:00:00,Louisa,0.0010705384
2024-05-21 01:00:00,Jackson,0.0032895193
2024-05-21 01:00:00,Lee,0.06793829
2024-05-21 01:00:00,Adair,0.0011591204
2024-05-21 01:00:00,Ringgold,0.0015001183
2024-05-21 01:00:00,Hamilton,0.031593535
2024-05-21 01:00:00,Des Moines,0.010940785
2024-05-21 01:00:00,Wayne,0.03223949
2024-05-21 01:00:00,Wapello,0.016992055
2024-05-21 01:00:00,Hardin,0.019726306
2024-05-21 01:00:00,Lyon,0.0015617262
2024-05-21 01:00:00,Buchanan,0.0039340057
2024-05-21 01:00:00,Ida,0.00027224727
2024-05-21 01:00:00,Harrison,0.010260362
2024-05-21 01:00:00,Montgomery,0.004418934
2024-05-21 01:00:00,Mitchell,0.002022957
2024-05-21 01:00:00,Washington,0.011733902
2024-05-21 01:00:00,Poweshiek,0.019922018
2024-05-21 01:00:00,Floyd,0.015929965
2024-05-21 01:00:00,Palo Alto,0.022083268
2024-05-21 01:00:00,Clayton,0.0034859574
2024-05-21 01:00:00,Cedar,0.016631123
2024-05-21 01:00:00,Page,0.0026184393
2024-05-21 01:00:00,Worth,0.0007602692
2024-05-21 01:00:00,Monona,0.0018801285
2024-05-21 01:00:00,Grundy,0.01656265
2024-05-21 01:00:00,Polk,0.03895299
2024-05-21 01:00:00,Adams,0.0037642086
2024-05-21 01:00:00,Winnebago,0.0013487687
2024-05-21 01:00:00,Crawford,0.0035422342
2024-05-21 01:00:00,Johnson,0.008606926
2024-05-21 01:00:00,Mills,0.05205366
2024-05-21 01:00:00,Wright,0.012247925
2024-05-21 01:00:00,Webster,0.18662994
2024-05-21 01:00:00,Bremer,0.0032857459
2024-05-21 01:00:00,Fayette,0.0020414598
2024-05-21 01:00:00,Taylor,0.0035381734
2024-05-21 01:00:00,Scott,0.009830641
2024-05-21 01:00:00,Cass,0.0012447515
2024-05-21 01:00:00,Obrien,0.0016198478
2024-05-21 01:00:00,Mahaska,0.03211892
2024-05-21 01:00:00,Davis,0.059112057
2024-05-21 01:00:00,Dickinson,0.0010338638
2024-05-21 01:00:00,Muscatine,0.004809769
2024-05-21 01:00:00,Shelby,0.0068566403
2024-05-21 01:00:00,Keokuk,0.010877971
2024-05-21 01:00:00,Linn,0.0037608533
2024-05-21 01:00:00,Hancock,0.0076458957
2024-05-21 01:00:00,Madison,0.0074376217
2024-05-21 01:00:00,Buena Vista,0.001811297
2024-05-21 01:00:00,Calhoun,0.006617678
2024-05-21 01:00:00,Allamakee,0.0030729177
2024-05-21 01:00:00,Franklin,0.013997359
2024-05-21 01:00:00,Carroll,0.0021187721
2024-05-21 01:00:00,Audubon,0.0039339326
2024-05-21 01:00:00,Dallas,0.047540747
2024-05-21 01:00:00,Greene,0.0015553198
2024-05-21 01:00:00,Clay,0.008118186
2024-05-21 01:00:00,Butler,0.013874983
2024-05-21 01:00:00,Boone,0.014629597
2024-05-21 01:00:00,Pottawattamie,0.0014086028
2024-05-21 01:00:00,Clarke,0.0038346504
2024-05-21 01:00:00,Pocahontas,0.028237212
2024-05-21 01:00:00,Benton,0.019882241
2024-05-21 01:00:00,Jefferson,0.045400005
2024-05-21 01:00:00,Warren,0.020590136
2024-05-21 01:00:00,Woodbury,0.0007152444
2024-05-21 01:00:00,Emmet,0.0025654705
2024-05-21 01:00:00,Decatur,0.0013729719
2024-05-21 01:00:00,Story,0.019235088
2024-05-21 01:00:00,Fremont,0.028112639
2024-05-21 01:00:00,Lucas,0.0053077275
2024-05-21 01:00:00,Marion,0.0068191444
2024-05-21 01:00:00,Sac,0.0042307535
2024-05-21 01:00:00,Humboldt,0.033520263
2024-05-21 01:00:00,Marshall,0.023553532
2024-05-21 01:00:00,Jones,0.0055824895
2024-05-21 01:00:00,Tama,0.007434996
2024-05-21 01:00:00,Guthrie,0.0069153197
2024-05-21 01:00:00,Iowa,0.023977658
2024-05-21 01:00:00,Cerro Gordo,0.0085420925
2024-05-21 01:00:00,Dubuque,0.002544932
2024-05-21 01:00:00,Winneshiek,0.0024686698
2024-05-21 01:00:00,Kossuth,0.0021513556
2024-05-21 01:00:00,Van Buren,0.035538293
2024-05-21 01:00:00,Henry,0.023475908
2024-05-21 01:00:00,Appanoose,0.015664259
2024-05-21 01:00:00,Cherokee,0.017140185
2024-05-21 02:00:00,Iowa,0.03470102
2024-05-21 02:00:00,Floyd,0.0039495276
2024-05-21 02:00:00,Palo Alto,0.0028913235
2024-05-21 02:00:00,Black Hawk,0.004473945
2024-05-21 02:00:00,Harrison,0.09094121
2024-05-21 02:00:00,Jefferson,0.023341376
2024-05-21 02:00:00,Guthrie,0.02482289
2024-05-21 02:00:00,Clarke,0.13492128
2024-05-21 02:00:00,Woodbury,0.00931483
2024-05-21 02:00:00,Sioux,0.003695215
2024-05-21 02:00:00,Union,0.2508663
2024-05-21 02:00:00,Monroe,0.10503456
2024-05-21 02:00:00,Des Moines,0.0126146525
2024-05-21 02:00:00,Hamilton,0.011739554
2024-05-21 02:00:00,Sac,0.00359502
2024-05-21 02:00:00,Lucas,0.014587321
2024-05-21 02:00:00,Cerro Gordo,0.004415164
2024-05-21 02:00:00,Chickasaw,0.0034093813
2024-05-21 02:00:00,Obrien,0.0059049358
2024-05-21 02:00:00,Calhoun,0.0061888304
2024-05-21 02:00:00,Johnson,0.0048599513
2024-05-21 02:00:00,Dallas,0.11072634
2024-05-21 02:00:00,Hancock,0.009240907
2024-05-21 02:00:00,Polk,0.0078111016
2024-05-21 02:00:00,Worth,0.0016463669
2024-05-21 02:00:00,Wapello,0.045474075
2024-05-21 02:00:00,Henry,0.016350616
2024-05-21 02:00:00,Clay,0.009095655
2024-05-21 02:00:00,Audubon,0.013616083
2024-05-21 02:00:00,Adams,0.037455987
2024-05-21 02:00:00,Shelby,0.033235885
2024-05-21 02:00:00,Louisa,0.0014503372
2024-05-21 02:00:00,Hardin,0.01697462
2024-05-21 02:00:00,Warren,0.031187518
2024-05-21 02:00:00,Pottawattamie,0.03364429
2024-05-21 02:00:00,Butler,0.002907003
2024-05-21 02:00:00,Decatur,0.0054105376
2024-05-21 02:00:00,Boone,0.067519784
2024-05-21 02:00:00,Buena Vista,0.003081538
2024-05-21 02:00:00,Allamakee,0.0036699558
2024-05-21 02:00:00,Madison,0.010930516
2024-05-21 02:00:00,Linn,0.0026616314
2024-05-21 02:00:00,Muscatine,0.0064158323
2024-05-21 02:00:00,Davis,0.60186696
2024-05-21 02:00:00,Fremont,0.019845651
2024-05-21 02:00:00,Kossuth,0.010310179
2024-05-21 02:00:00,Dubuque,0.0017153746
2024-05-21 02:00:00,Cherokee,0.0559233
2024-05-21 02:00:00,Mahaska,0.03779525
2024-05-21 02:00:00,Jones,0.0023778342
2024-05-21 02:00:00,Emmet,0.002411043
2024-05-21 02:00:00,Benton,0.0051662554
2024-05-21 02:00:00,Wayne,0.05487715
2024-05-21 02:00:00,Pocahontas,0.0010379356
2024-05-21 02:00:00,Lyon,0.003667641
2024-05-21 02:00:00,Washington,0.0011431299
2024-05-21 02:00:00,Wright,0.023725584
2024-05-21 02:00:00,Monona,0.056537334
2024-05-21 02:00:00,Crawford,0.013138348
2024-05-21 02:00:00,Bremer,0.0025899445
2024-05-21 02:00:00,Lee,0.014458768
2024-05-21 02:00:00,Osceola,0.0010319798
2024-05-21 02:00:00,Van Buren,0.016945405
2024-05-21 02:00:00,Adair,0.122960754
2024-05-21 02:00:00,Humboldt,0.0011888145
2024-05-21 02:00:00,Tama,0.00739392
2024-05-21 02:00:00,Appanoose,0.015419702
2024-05-21 02:00:00,Carroll,0.025926223
2024-05-21 02:00:00,Dickinson,0.0018508972
2024-05-21 02:00:00,Keokuk,0.0246342
2024-05-21 02:00:00,Franklin,0.009789546
2024-05-21 02:00:00,Greene,0.05593388
2024-05-21 02:00:00,Cass,0.20751414
2024-05-21 02:00:00,Marion,0.022990508
2024-05-21 02:00:00,Story,0.026607601
2024-05-21 02:00:00,Ida,0.018499471
2024-05-21 02:00:00,Page,0.05048005
2024-05-21 02:00:00,Clayton,0.0029906016
2024-05-21 02:00:00,Grundy,0.0051688193
2024-05-21 02:00:00,Fayette,0.002628673
2024-05-21 02:00:00,Winnebago,0.0032540825
2024-05-21 02:00:00,Taylor,0.007365836
2024-05-21 02:00:00,Cedar,0.0038509527
2024-05-21 02:00:00,Howard,0.0016231802
2024-05-21 02:00:00,Winneshiek,0.0033989118
2024-05-21 02:00:00,Jackson,0.0014741183
2024-05-21 02:00:00,Poweshiek,0.017590515
2024-05-21 02:00:00,Jasper,0.058734376
2024-05-21 02:00:00,Delaware,0.0058226474
2024-05-21 02:00:00,Mitchell,0.0023531546
2024-05-21 02:00:00,Mills,0.09667466
2024-05-21 02:00:00,Montgomery,0.04829598
2024-05-21 02:00:00,Plymouth,0.011654736
2024-05-21 02:00:00,Webster,0.011453357
2024-05-21 02:00:00,Marshall,0.019192597
2024-05-21 02:00:00,Buchanan,0.0028379597
2024-05-21 02:00:00,Scott,0.008502371
2024-05-21 02:00:00,Ringgold,0.0024124081
2024-05-21 02:00:00,Clinton,0.011065829
2024-05-21 03:00:00,Clayton,0.0019309197
2024-05-21 03:00:00,Webster,0.08061298
2024-05-21 03:00:00,Buchanan,0.0035031403
2024-05-21 03:00:00,Keokuk,0.016858114
2024-05-21 03:00:00,Black Hawk,0.005866851
2024-05-21 03:00:00,Johnson,0.0052845036
2024-05-21 03:00:00,Cass,0.23496374
2024-05-21 03:00:00,Bremer,0.002438277
2024-05-21 03:00:00,Adair,0.23730564
2024-05-21 03:00:00,Union,0.14350899
2024-05-21 03:00:00,Poweshiek,0.01994246
2024-05-21 03:00:00,Floyd,0.0046222266
2024-05-21 03:00:00,Montgomery,0.38895205
2024-05-21 03:00:00,Wright,0.12631676
2024-05-21 03:00:00,Polk,0.0461556
2024-05-21 03:00:00,Washington,0.02475549
2024-05-21 03:00:00,Humboldt,0.11253286
2024-05-21 03:00:00,Hancock,0.017776702
2024-05-21 03:00:00,Woodbury,0.0052949535
2024-05-21 03:00:00,Franklin,0.07793416
2024-05-21 03:00:00,Scott,0.011760977
2024-05-21 03:00:00,Mahaska,0.0147453975
2024-05-21 03:00:00,Henry,0.017201567
2024-05-21 03:00:00,Plymouth,0.010171616
2024-05-21 03:00:00,Cherokee,0.0032431
2024-05-21 03:00:00,Cerro Gordo,0.0020669724
2024-05-21 03:00:00,Dubuque,0.003401125
2024-05-21 03:00:00,Marion,0.017262496
2024-05-21 03:00:00,Delaware,0.0024889875
2024-05-21 03:00:00,Muscatine,0.0081667015
2024-05-21 03:00:00,Madison,0.15355542
2024-05-21 03:00:00,Mills,0.42799413
2024-05-21 03:00:00,Dallas,0.1592313
2024-05-21 03:00:00,Louisa,0.003861914
2024-05-21 03:00:00,Buena Vista,0.004674101
2024-05-21 03:00:00,Butler,0.005176122
2024-05-21 03:00:00,Jasper,0.012885376
2024-05-21 03:00:00,Fayette,0.0014011086
2024-05-21 03:00:00,Warren,0.384443
2024-05-21 03:00:00,Iowa,0.012303348
2024-05-21 03:00:00,Jefferson,0.030068668
2024-05-21 03:00:00,Adams,0.13663442
2024-05-21 03:00:00,Pocahontas,0.21701677
2024-05-21 03:00:00,Pottawattamie,0.07373266
2024-05-21 03:00:00,Chickasaw,0.002460933
2024-05-21 03:00:00,Ida,0.084121495
2024-05-21 03:00:00,Sac,0.007722903
2024-05-21 03:00:00,Dickinson,0.008425863
2024-05-21 03:00:00,Des Moines,0.009471709
2024-05-21 03:00:00,Ringgold,0.015981955
2024-05-21 03:00:00,Worth,0.0004961156
2024-05-21 03:00:00,Audubon,0.046401873
2024-05-21 03:00:00,Obrien,0.0041620047
2024-05-21 03:00:00,Lucas,0.46727204
2024-05-21 03:00:00,Lee,0.019593557
2024-05-21 03:00:00,Davis,0.0062425667
2024-05-21 03:00:00,Story,0.024023823
2024-05-21 03:00:00,Kossuth,0.07682315
2024-05-21 03:00:00,Taylor,0.010918243
2024-05-21 03:00:00,Calhoun,0.1824214
2024-05-21 03:00:00,Clinton,0.007846239
2024-05-21 03:00:00,Jones,0.0021719888
2024-05-21 03:00:00,Osceola,0.003402876
2024-05-21 03:00:00,Monona,0.09319885
2024-05-21 03:00:00,Van Buren,0.04558365
2024-05-21 03:00:00,Winneshiek,0.0021794373
2024-05-21 03:00:00,Howard,0.0022134294
2024-05-21 03:00:00,Shelby,0.01265272
2024-05-21 03:00:00,Crawford,0.09089449
2024-05-21 03:00:00,Marshall,0.018799448
2024-05-21 03:00:00,Sioux,0.0042553083
2024-05-21 03:00:00,Monroe,0.062019672
2024-05-21 03:00:00,Jackson,0.0047466434
2024-05-21 03:00:00,Allamakee,0.0030943956
2024-05-21 03:00:00,Harrison,0.015235345
2024-05-21 03:00:00,Linn,0.0014707462
2024-05-21 03:00:00,Hamilton,0.11171531
2024-05-21 03:00:00,Page,0.050899107
2024-05-21 03:00:00,Grundy,0.0035772454
2024-05-21 03:00:00,Cedar,0.005647756
2024-05-21 03:00:00,Guthrie,0.26860708
2024-05-21 03:00:00,Boone,0.038958974
2024-05-21 03:00:00,Mitchell,0.0031730207
2024-05-21 03:00:00,Appanoose,0.0033923327
2024-05-21 03:00:00,Wayne,0.07513285
2024-05-21 03:00:00,Wapello,0.028724514
2024-05-21 03:00:00,Benton,0.028902829
2024-05-21 03:00:00,Emmet,0.012029426
2024-05-21 03:00:00,Tama,0.0046381024
2024-05-21 03:00:00,Clay,0.0073777167
2024-05-21 03:00:00,Fremont,0.03928375
2024-05-21 03:00:00,Palo Alto,0.0063314387
2024-05-21 03:00:00,Greene,0.0860297
2024-05-21 03:00:00,Winnebago,0.004309128
2024-05-21 03:00:00,Hardin,0.01544097
2024-05-21 03:00:00,Carroll,0.07419506
2024-05-21 03:00:00,Decatur,0.015148596
2024-05-21 03:00:00,Clarke,0.17195359
2024-05-21 03:00:00,Lyon,0.0096738385
2024-05-21 04:00:00,Cedar,0.0061234343
2024-05-21 04:00:00,Delaware,0.0027395398
2024-05-21 04:00:00,Jackson,0.004213005
2024-05-21 04:00:00,Howard,0.0014360709
2024-05-21 04:00:00,Dickinson,0.0072949417
2024-05-21 04:00:00,Jasper,0.064408064
2024-05-21 04:00:00,Bremer,0.0015351014
2024-05-21 04:00:00,Fayette,0.0015341552
2024-05-21 04:00:00,Taylor,0.03757191
2024-05-21 04:00:00,Webster,0.04604339
2024-05-21 04:00:00,Winnebago,0.016172472
2024-05-21 04:00:00,Mills,0.026765829
2024-05-21 04:00:00,Clinton,0.009063235
2024-05-21 04:00:00,Louisa,0.0077054226
2024-05-21 04:00:00,Page,0.048948053
2024-05-21 04:00:00,Poweshiek,0.0060871937
2024-05-21 04:00:00,Adair,0.14130431
2024-05-21 04:00:00,Ida,0.044742238
2024-05-21 04:00:00,Clayton,0.0014596115
2024-05-21 04:00:00,Mahaska,0.53729755
2024-05-21 04:00:00,Marion,0.46072337
2024-05-21 04:00:00,Butler,0.0035221362
2024-05-21 04:00:00,Decatur,0.14146262
2024-05-21 04:00:00,Tama,0.01026029
2024-05-21 04:00:00,Greene,0.20638624
2024-05-21 04:00:00,Warren,0.043059226
2024-05-21 04:00:00,Emmet,0.011136439
2024-05-21 04:00:00,Humboldt,0.016346874
2024-05-21 04:00:00,Benton,0.002020649
2024-05-21 04:00:00,Pocahontas,0.10837487
2024-05-21 04:00:00,Pottawattamie,0.14107421
2024-05-21 04:00:00,Franklin,0.067505814
2024-05-21 04:00:00,Appanoose,0.48571405
2024-05-21 04:00:00,Carroll,0.2011139
2024-05-21 04:00:00,Keokuk,0.00996746
2024-05-21 04:00:00,Wayne,0.081918806
2024-05-21 04:00:00,Buena Vista,0.035466094
2024-05-21 04:00:00,Allamakee,0.0033667965
2024-05-21 04:00:00,Linn,0.0034772079
2024-05-21 04:00:00,Marshall,0.070513785
2024-05-21 04:00:00,Plymouth,0.007378181
2024-05-21 04:00:00,Winneshiek,0.0014520322
2024-05-21 04:00:00,Van Buren,0.015926931
2024-05-21 04:00:00,Scott,0.005930068
2024-05-21 04:00:00,Dubuque,0.003906441
2024-05-21 04:00:00,Jones,0.0032740717
2024-05-21 04:00:00,Cass,0.084875725
2024-05-21 04:00:00,Story,0.0793104
2024-05-21 04:00:00,Cherokee,0.004220601
2024-05-21 04:00:00,Kossuth,0.03628234
2024-05-21 04:00:00,Davis,0.0062411795
2024-05-21 04:00:00,Boone,0.054628834
2024-05-21 04:00:00,Muscatine,0.009611825
2024-05-21 04:00:00,Madison,0.10104785
2024-05-21 04:00:00,Ringgold,0.028740032
2024-05-21 04:00:00,Osceola,0.0046140463
2024-05-21 04:00:00,Grundy,0.029125694
2024-05-21 04:00:00,Fremont,0.04660196
2024-05-21 04:00:00,Harrison,0.012735479
2024-05-21 04:00:00,Clay,0.004561008
2024-05-21 04:00:00,Lee,0.012610828
2024-05-21 04:00:00,Hancock,0.040253866
2024-05-21 04:00:00,Adams,0.024295583
2024-05-21 04:00:00,Lyon,0.0039243833
2024-05-21 04:00:00,Iowa,0.008984308
2024-05-21 04:00:00,Hamilton,0.029840365
2024-05-21 04:00:00,Chickasaw,0.0013209581
2024-05-21 04:00:00,Woodbury,0.0052320594
2024-05-21 04:00:00,Clarke,0.14063773
2024-05-21 04:00:00,Worth,0.0034810381
2024-05-21 04:00:00,Monroe,0.08578413
2024-05-21 04:00:00,Jefferson,0.048579946
2024-05-21 04:00:00,Shelby,0.1583845
2024-05-21 04:00:00,Black Hawk,0.0022782313
2024-05-21 04:00:00,Monona,0.018131047
2024-05-21 04:00:00,Audubon,0.06426139
2024-05-21 04:00:00,Henry,0.013824081
2024-05-21 04:00:00,Obrien,0.004294088
2024-05-21 04:00:00,Wright,0.06794634
2024-05-21 04:00:00,Calhoun,0.19554584
2024-05-21 04:00:00,Lucas,0.14334428
2024-05-21 04:00:00,Cerro Gordo,0.011300928
2024-05-21 04:00:00,Sioux,0.0065483195
2024-05-21 04:00:00,Johnson,0.006574264
2024-05-21 04:00:00,Sac,0.006170764
2024-05-21 04:00:00,Dallas,0.2214421
2024-05-21 04:00:00,Union,0.2729102
2024-05-21 04:00:00,Buchanan,0.0022805084
2024-05-21 04:00:00,Wapello,0.5343071
2024-05-21 04:00:00,Crawford,0.047926687
2024-05-21 04:00:00,Hardin,0.06008482
2024-05-21 04:00:00,Washington,0.03567144
2024-05-21 04:00:00,Montgomery,0.032226536
2024-05-21 04:00:00,Floyd,0.00260568
2024-05-21 04:00:00,Polk,0.06212167
2024-05-21 04:00:00,Guthrie,0.19105591
2024-05-21 04:00:00,Des Moines,0.0074407165
2024-05-21 04:00:00,Palo Alto,0.008090236
2024-05-21 04:00:00,Mitchell,0.0027854962
2024-05-21 05:00:00,Dickinson,0.0077598244
2024-05-21 05:00:00,Lucas,0.38519892
2024-05-21 05:00:00,Palo Alto,0.01151122
2024-05-21 05:00:00,Union,0.09262953
2024-05-21 05:00:00,Linn,0.0028420556
2024-05-21 05:00:00,Sac,0.0041082315
2024-05-21 05:00:00,Boone,0.041111775
2024-05-21 05:00:00,Monona,0.0034065084
2024-05-21 05:00:00,Audubon,0.07478344
2024-05-21 05:00:00,Davis,0.015832793
2024-05-21 05:00:00,Tama,0.04030026
2024-05-21 05:00:00,Madison,0.16438666
2024-05-21 05:00:00,Muscatine,0.018376712
2024-05-21 05:00:00,Obrien,0.01074569
2024-05-21 05:00:00,Keokuk,0.030963933
2024-05-21 05:00:00,Allamakee,0.0024324663
2024-05-21 05:00:00,Carroll,0.01648063
2024-05-21 05:00:00,Johnson,0.00936845
2024-05-21 05:00:00,Humboldt,0.031774264
2024-05-21 05:00:00,Wayne,0.4688127
2024-05-21 05:00:00,Washington,0.027516488
2024-05-21 05:00:00,Clay,0.0034374683
2024-05-21 05:00:00,Pocahontas,0.020781398
2024-05-21 05:00:00,Benton,0.004603719
2024-05-21 05:00:00,Emmet,0.007420674
2024-05-21 05:00:00,Guthrie,0.034711324
2024-05-21 05:00:00,Hancock,0.17504594
2024-05-21 05:00:00,Warren,0.10408288
2024-05-21 05:00:00,Buena Vista,0.0075196046
2024-05-21 05:00:00,Pottawattamie,0.021431495
2024-05-21 05:00:00,Greene,0.123805895
2024-05-21 05:00:00,Wapello,0.30496034
2024-05-21 05:00:00,Lyon,0.006980378
2024-05-21 05:00:00,Decatur,0.05826935
2024-05-21 05:00:00,Appanoose,0.6024578
2024-05-21 05:00:00,Woodbury,0.002164262
2024-05-21 05:00:00,Franklin,0.29474512
2024-05-21 05:00:00,Clarke,0.14202322
2024-05-21 05:00:00,Butler,0.008078084
2024-05-21 05:00:00,Cerro Gordo,0.56777865
2024-05-21 05:00:00,Jefferson,0.56411207
2024-05-21 05:00:00,Henry,0.032876905
2024-05-21 05:00:00,Cherokee,0.0030327546
2024-05-21 05:00:00,Hamilton,0.015966883
2024-05-21 05:00:00,Adams,0.07713354
2024-05-21 05:00:00,Lee,0.033767376
2024-05-21 05:00:00,Howard,0.011142947
2024-05-21 05:00:00,Harrison,0.004117925
2024-05-21 05:00:00,Fayette,0.0012623076
2024-05-21 05:00:00,Worth,0.28156203
2024-05-21 05:00:00,Buchanan,0.0019984809
2024-05-21 05:00:00,Clinton,0.010448256
2024-05-21 05:00:00,Louisa,0.017242892
2024-05-21 05:00:00,Crawford,0.008819651
2024-05-21 05:00:00,Adair,0.025133453
2024-05-21 05:00:00,Poweshiek,0.22661582
2024-05-21 05:00:00,Des Moines,0.01857645
2024-05-21 05:00:00,Grundy,0.047075536
2024-05-21 05:00:00,Page,0.02128894
2024-05-21 05:00:00,Floyd,0.25831535
2024-05-21 05:00:00,Hardin,0.03707342
2024-05-21 05:00:00,Winnebago,0.020179544
2024-05-21 05:00:00,Webster,0.084625915
2024-05-21 05:00:00,Osceola,0.002901812
2024-05-21 05:00:00,Clayton,0.0014774639
2024-05-21 05:00:00,Montgomery,0.02181294
2024-05-21 05:00:00,Mitchell,0.27054477
2024-05-21 05:00:00,Polk,0.199183
2024-05-21 05:00:00,Mills,0.011142417
2024-05-21 05:00:00,Cedar,0.0023466519
2024-05-21 05:00:00,Taylor,0.09248351
2024-05-21 05:00:00,Iowa,0.010041138
2024-05-21 05:00:00,Delaware,0.002035709
2024-05-21 05:00:00,Jackson,0.0048812767
2024-05-21 05:00:00,Dallas,0.03910258
2024-05-21 05:00:00,Wright,0.1571823
2024-05-21 05:00:00,Jones,0.0026885415
2024-05-21 05:00:00,Black Hawk,0.002481028
2024-05-21 05:00:00,Van Buren,0.008619479
2024-05-21 05:00:00,Fremont,0.013394929
2024-05-21 05:00:00,Mahaska,0.08999856
2024-05-21 05:00:00,Dubuque,0.0033885157
2024-05-21 05:00:00,Cass,0.013041715
2024-05-21 05:00:00,Scott,0.0066567934
2024-05-21 05:00:00,Calhoun,0.12401302
2024-05-21 05:00:00,Kossuth,0.22705102
2024-05-21 05:00:00,Shelby,0.14107421
2024-05-21 05:00:00,Bremer,0.0040759156
2024-05-21 05:00:00,Chickasaw,0.0032349667
2024-05-21 05:00:00,Marion,0.048662055
2024-05-21 05:00:00,Monroe,0.17434222
2024-05-21 05:00:00,Ringgold,0.20657943
2024-05-21 05:00:00,Story,0.0601347
2024-05-21 05:00:00,Marshall,0.09711661
2024-05-21 05:00:00,Ida,0.0023819495
2024-05-21 05:00:00,Plymouth,0.011914393
2024-05-21 05:00:00,Jasper,0.11203841
2024-05-21 05:00:00,Winneshiek,0.00089505094
2024-05-21 05:00:00,Sioux,0.007668661
2024-05-21 06:00:00,Bremer,0.01185445
2024-05-21 06:00:00,Cass,0.018769806
2024-05-21 06:00:00,Tama,0.024493327
2024-05-21 06:00:00,Crawford,0.0043311957
2024-05-21 06:00:00,Monona,0.0035506526
2024-05-21 06:00:00,Delaware,0.0023288534
2024-05-21 06:00:00,Benton,0.006238394
2024-05-21 06:00:00,Hardin,0.011556281
2024-05-21 06:00:00,Buchanan,0.003892875
2024-05-21 06:00:00,Harrison,0.0057577486
2024-05-21 06:00:00,Hamilton,0.044053096
2024-05-21 06:00:00,Iowa,0.02871624
2024-05-21 06:00:00,Shelby,0.06324366
2024-05-21 06:00:00,Calhoun,0.022018595
2024-05-21 06:00:00,Black Hawk,0.016555343
2024-05-21 06:00:00,Dallas,0.22339474
2024-05-21 06:00:00,Audubon,0.010276592
2024-05-21 06:00:00,Sac,0.0037894878
2024-05-21 06:00:00,Woodbury,0.0033976405
2024-05-21 06:00:00,Johnson,0.014647108
2024-05-21 06:00:00,Guthrie,0.15857011
2024-05-21 06:00:00,Ida,0.0035020004
2024-05-21 06:00:00,Polk,0.18553732
2024-05-21 06:00:00,Cedar,0.004644991
2024-05-21 06:00:00,Webster,0.09715656
2024-05-21 06:00:00,Grundy,0.07335614
2024-05-21 06:00:00,Franklin,0.020350328
2024-05-21 06:00:00,Pottawattamie,0.0104839755
2024-05-21 06:00:00,Greene,0.059727322
2024-05-21 06:00:00,Butler,0.024845535
2024-05-21 06:00:00,Muscatine,0.028019525
2024-05-21 06:00:00,Linn,0.0035869295
2024-05-21 06:00:00,Boone,0.08072078
2024-05-21 06:00:00,Carroll,0.008312228
2024-05-21 06:00:00,Scott,0.009004301
2024-05-21 06:00:00,Dubuque,0.0013245826
2024-05-21 06:00:00,Story,0.023191025
2024-05-21 06:00:00,Jasper,0.0701279
2024-05-21 06:00:00,Jackson,0.0018325443
2024-05-21 06:00:00,Marshall,0.15173815
2024-05-21 06:00:00,Clinton,0.0046487446
2024-05-21 06:00:00,Poweshiek,0.1553817
2024-05-21 06:00:00,Jones,0.0034067607
2024-05-21 06:00:00,Washington,0.11646062
2024-05-21 06:00:00,Warren,0.16279656
2024-05-21 06:00:00,Van Buren,0.011374228
2024-05-21 06:00:00,Mills,0.0206354
2024-05-21 06:00:00,Decatur,0.061819796
2024-05-21 06:00:00,Chickasaw,0.2527118
2024-05-21 06:00:00,Fremont,0.007871563
2024-05-21 06:00:00,Palo Alto,0.016214285
2024-05-21 06:00:00,Floyd,0.25166616
2024-05-21 06:00:00,Appanoose,0.11600134
2024-05-21 06:00:00,Union,0.18566291
2024-05-21 06:00:00,Dickinson,0.009760717
2024-05-21 06:00:00,Montgomery,0.006879876
2024-05-21 06:00:00,Hancock,0.19568704
2024-05-21 06:00:00,Pocahontas,0.011431814
2024-05-21 06:00:00,Winnebago,0.2148098
2024-05-21 06:00:00,Keokuk,0.03660157
2024-05-21 06:00:00,Mahaska,0.15845281
2024-05-21 06:00:00,Cherokee,0.0043407287
2024-05-21 06:00:00,Davis,0.08963746
2024-05-21 06:00:00,Ringgold,0.12382101
2024-05-21 06:00:00,Jefferson,0.16354387
2024-05-21 06:00:00,Cerro Gordo,0.86061263
2024-05-21 06:00:00,Winneshiek,0.024238504
2024-05-21 06:00:00,Adams,0.025798505
2024-05-21 06:00:00,Howard,0.2879976
2024-05-21 06:00:00,Henry,0.17788866
2024-05-21 06:00:00,Buena Vista,0.0036459714
2024-05-21 06:00:00,Madison,0.3625681
2024-05-21 06:00:00,Taylor,0.06674571
2024-05-21 06:00:00,Emmet,0.00639745
2024-05-21 06:00:00,Page,0.09414351
2024-05-21 06:00:00,Mitchell,0.8475129
2024-05-21 06:00:00,Wayne,0.2577973
2024-05-21 06:00:00,Plymouth,0.02915521
2024-05-21 06:00:00,Obrien,0.0036255368
2024-05-21 06:00:00,Adair,0.25261074
2024-05-21 06:00:00,Louisa,0.013844286
2024-05-21 06:00:00,Marion,0.10451084
2024-05-21 06:00:00,Wapello,0.28062952
2024-05-21 06:00:00,Worth,0.29591346
2024-05-21 06:00:00,Allamakee,0.028744018
2024-05-21 06:00:00,Fayette,0.004484679
2024-05-21 06:00:00,Lee,0.019584063
2024-05-21 06:00:00,Osceola,0.0073963213
2024-05-21 06:00:00,Lucas,0.20828132
2024-05-21 06:00:00,Des Moines,0.020923859
2024-05-21 06:00:00,Kossuth,0.023119653
2024-05-21 06:00:00,Clarke,0.24385035
2024-05-21 06:00:00,Lyon,0.00394091
2024-05-21 06:00:00,Clay,0.011774763
2024-05-21 06:00:00,Clayton,0.0032067345
2024-05-21 06:00:00,Humboldt,0.026670612
2024-05-21 06:00:00,Monroe,0.2164796
2024-05-21 06:00:00,Sioux,0.0030518787
2024-05-21 06:00:00,Wright,0.04181293
2024-05-21 07:00:00,Chickasaw,0.13858062
2024-05-21 07:00:00,Fayette,0.17373928
2024-05-21 07:00:00,Iowa,0.04850804
2024-05-21 07:00:00,Boone,0.18844312
2024-05-21 07:00:00,Winneshiek,0.07150908
2024-05-21 07:00:00,Jackson,0.004711627
2024-05-21 07:00:00,Kossuth,0.045907255
2024-05-21 07:00:00,Poweshiek,0.2132114
2024-05-21 07:00:00,Ringgold,0.4628436
2024-05-21 07:00:00,Montgomery,0.0111291995
2024-05-21 07:00:00,Louisa,0.267262
2024-05-21 07:00:00,Van Buren,0.010955479
2024-05-21 07:00:00,Clayton,0.0007626649
2024-05-21 07:00:00,Floyd,0.32368127
2024-05-21 07:00:00,Story,0.2956201
2024-05-21 07:00:00,Polk,0.60269356
2024-05-21 07:00:00,Webster,0.13629915
2024-05-21 07:00:00,Jones,0.0061157634
2024-05-21 07:00:00,Buchanan,0.034226865
2024-05-21 07:00:00,Mills,0.011884712
2024-05-21 07:00:00,Grundy,0.07937514
2024-05-21 07:00:00,Taylor,0.20705384
2024-05-21 07:00:00,Wapello,0.19651799
2024-05-21 07:00:00,Mitchell,0.34949952
2024-05-21 07:00:00,Washington,0.8300808
2024-05-21 07:00:00,Clay,0.020759469
2024-05-21 07:00:00,Clarke,0.16715342
2024-05-21 07:00:00,Sac,0.010902503
2024-05-21 07:00:00,Des Moines,0.73810774
2024-05-21 07:00:00,Guthrie,0.21398117
2024-05-21 07:00:00,Audubon,0.37609938
2024-05-21 07:00:00,Harrison,0.08820444
2024-05-21 07:00:00,Obrien,0.0059704226
2024-05-21 07:00:00,Lucas,0.16257548
2024-05-21 07:00:00,Hamilton,0.21453877
2024-05-21 07:00:00,Calhoun,0.103378035
2024-05-21 07:00:00,Monroe,0.079687946
2024-05-21 07:00:00,Shelby,0.082107276
2024-05-21 07:00:00,Worth,0.02191286
2024-05-21 07:00:00,Adams,0.21367656
2024-05-21 07:00:00,Hardin,0.17138922
2024-05-21 07:00:00,Ida,0.002545606
2024-05-21 07:00:00,Henry,0.357829
2024-05-21 07:00:00,Black Hawk,0.007745423
2024-05-21 07:00:00,Marshall,0.18287082
2024-05-21 07:00:00,Howard,0.53311414
2024-05-21 07:00:00,Dallas,0.3404668
2024-05-21 07:00:00,Cerro Gordo,0.38598317
2024-05-21 07:00:00,Jefferson,0.68534535
2024-05-21 07:00:00,Cedar,0.020760803
2024-05-21 07:00:00,Woodbury,0.014325102
2024-05-21 07:00:00,Hancock,0.04641829
2024-05-21 07:00:00,Winnebago,0.022955997
2024-05-21 07:00:00,Johnson,0.041840497
2024-05-21 07:00:00,Clinton,0.015078569
2024-05-21 07:00:00,Union,0.35846913
2024-05-21 07:00:00,Palo Alto,0.035143908
2024-05-21 07:00:00,Fremont,0.017630419
2024-05-21 07:00:00,Page,0.02349956
2024-05-21 07:00:00,Davis,0.27800584
2024-05-21 07:00:00,Sioux,0.0053652907
2024-05-21 07:00:00,Delaware,0.0026281844
2024-05-21 07:00:00,Butler,0.013981279
2024-05-21 07:00:00,Pocahontas,0.026595293
2024-05-21 07:00:00,Cass,0.04805781
2024-05-21 07:00:00,Benton,0.027742416
2024-05-21 07:00:00,Madison,0.2419777
2024-05-21 07:00:00,Osceola,0.003240898
2024-05-21 07:00:00,Crawford,0.009446444
2024-05-21 07:00:00,Pottawattamie,0.007127672
2024-05-21 07:00:00,Appanoose,0.23155107
2024-05-21 07:00:00,Humboldt,0.07834154
2024-05-21 07:00:00,Greene,0.16903473
2024-05-21 07:00:00,Wayne,0.32060942
2024-05-21 07:00:00,Dubuque,0.004301546
2024-05-21 07:00:00,Emmet,0.004475674
2024-05-21 07:00:00,Mahaska,0.06033603
2024-05-21 07:00:00,Cherokee,0.007163983
2024-05-21 07:00:00,Franklin,0.20898625
2024-05-21 07:00:00,Keokuk,0.12864317
2024-05-21 07:00:00,Scott,0.052172326
2024-05-21 07:00:00,Bremer,0.0070093493
2024-05-21 07:00:00,Lee,0.09081217
2024-05-21 07:00:00,Decatur,0.20374845
2024-05-21 07:00:00,Linn,0.0099300975
2024-05-21 07:00:00,Muscatine,0.084895335
2024-05-21 07:00:00,Monona,0.0058681862
2024-05-21 07:00:00,Allamakee,0.017413376
2024-05-21 07:00:00,Wright,0.15955539
2024-05-21 07:00:00,Lyon,0.0036545573
2024-05-21 07:00:00,Buena Vista,0.0060341256
2024-05-21 07:00:00,Marion,0.3794961
2024-05-21 07:00:00,Plymouth,0.0065480713
2024-05-21 07:00:00,Carroll,0.08933561
2024-05-21 07:00:00,Tama,0.140816
2024-05-21 07:00:00,Dickinson,0.01800832
2024-05-21 07:00:00,Adair,0.36638618
2024-05-21 07:00:00,Warren,0.2520007
2024-05-21 07:00:00,Jasper,0.1794384
2024-05-21 08:00:00,Dickinson,0.011626379
2024-05-21 08:00:00,Appanoose,0.009450496
2024-05-21 08:00:00,Johnson,0.57962173
2024-05-21 08:00:00,Page,0.901699
2024-05-21 08:00:00,Franklin,0.09605517
2024-05-21 08:00:00,Palo Alto,0.6675317
2024-05-21 08:00:00,Ida,0.06839305
2024-05-21 08:00:00,Winnebago,0.4216954
2024-05-21 08:00:00,Fremont,0.008317532
2024-05-21 08:00:00,Muscatine,0.16828454
2024-05-21 08:00:00,Woodbury,0.003169272
2024-05-21 08:00:00,Pocahontas,0.63782007
2024-05-21 08:00:00,Clinton,0.07080624
2024-05-21 08:00:00,Warren,0.07597119
2024-05-21 08:00:00,Hancock,0.87651026
2024-05-21 08:00:00,Union,0.06562275
2024-05-21 08:00:00,Osceola,0.011616481
2024-05-21 08:00:00,Keokuk,0.7854554
2024-05-21 08:00:00,Monona,0.124865204
2024-05-21 08:00:00,Wright,0.37608215
2024-05-21 08:00:00,Shelby,0.7004935
2024-05-21 08:00:00,Monroe,0.006479288
2024-05-21 08:00:00,Calhoun,0.6558207
2024-05-21 08:00:00,Lyon,0.008803903
2024-05-21 08:00:00,Lucas,0.74149257
2024-05-21 08:00:00,Lee,0.20985481
2024-05-21 08:00:00,Hamilton,0.67221993
2024-05-21 08:00:00,Obrien,0.011863524
2024-05-21 08:00:00,Harrison,0.028583553
2024-05-21 08:00:00,Adair,0.0324797
2024-05-21 08:00:00,Worth,0.41192797
2024-05-21 08:00:00,Clarke,0.31398967
2024-05-21 08:00:00,Bremer,0.5683196
2024-05-21 08:00:00,Audubon,0.018540915
2024-05-21 08:00:00,Cass,0.10498617
2024-05-21 08:00:00,Des Moines,0.31492773
2024-05-21 08:00:00,Sac,0.16939059
2024-05-21 08:00:00,Crawford,0.18102694
2024-05-21 08:00:00,Humboldt,0.80549806
2024-05-21 08:00:00,Clay,0.043779995
2024-05-21 08:00:00,Cedar,0.7485857
2024-05-21 08:00:00,Mitchell,0.4811317
2024-05-21 08:00:00,Jefferson,0.7360793
2024-05-21 08:00:00,Wapello,0.061906077
2024-05-21 08:00:00,Tama,0.42574444
2024-05-21 08:00:00,Pottawattamie,0.6587479
2024-05-21 08:00:00,Guthrie,0.77975035
2024-05-21 08:00:00,Hardin,0.21049601
2024-05-21 08:00:00,Delaware,0.8441706
2024-05-21 08:00:00,Carroll,0.28842846
2024-05-21 08:00:00,Grundy,0.33437106
2024-05-21 08:00:00,Decatur,0.16090335
2024-05-21 08:00:00,Cherokee,0.052445807
2024-05-21 08:00:00,Buchanan,0.7998563
2024-05-21 08:00:00,Montgomery,0.19072911
2024-05-21 08:00:00,Mahaska,0.08568399
2024-05-21 08:00:00,Dubuque,0.015452733
2024-05-21 08:00:00,Floyd,0.27186504
2024-05-21 08:00:00,Story,0.27795923
2024-05-21 08:00:00,Greene,0.226246
2024-05-21 08:00:00,Ringgold,0.15364955
2024-05-21 08:00:00,Polk,0.18130302
2024-05-21 08:00:00,Sioux,0.001873381
2024-05-21 08:00:00,Kossuth,0.6522595
2024-05-21 08:00:00,Winneshiek,0.76868457
2024-05-21 08:00:00,Mills,0.0076860073
2024-05-21 08:00:00,Plymouth,0.002478815
2024-05-21 08:00:00,Webster,0.75868374
2024-05-21 08:00:00,Davis,0.109623745
2024-05-21 08:00:00,Clayton,0.26706535
2024-05-21 08:00:00,Jones,0.12952007
2024-05-21 08:00:00,Jasper,0.16336355
2024-05-21 08:00:00,Van Buren,0.30902916
2024-05-21 08:00:00,Louisa,0.26112327
2024-05-21 08:00:00,Poweshiek,0.39829224
2024-05-21 08:00:00,Boone,0.04091316
2024-05-21 08:00:00,Marion,0.20711169
2024-05-21 08:00:00,Allamakee,0.67390966
2024-05-21 08:00:00,Fayette,0.8564142
2024-05-21 08:00:00,Linn,0.06456173
2024-05-21 08:00:00,Jackson,0.008129648
2024-05-21 08:00:00,Washington,0.5179496
2024-05-21 08:00:00,Iowa,0.72609353
2024-05-21 08:00:00,Henry,0.18664344
2024-05-21 08:00:00,Wayne,0.7173393
2024-05-21 08:00:00,Cerro Gordo,0.28931978
2024-05-21 08:00:00,Dallas,0.33629364
2024-05-21 08:00:00,Howard,0.8765441
2024-05-21 08:00:00,Buena Vista,0.07718189
2024-05-21 08:00:00,Marshall,0.34456456
2024-05-21 08:00:00,Butler,0.24705848
2024-05-21 08:00:00,Benton,0.32963648
2024-05-21 08:00:00,Madison,0.04280348
2024-05-21 08:00:00,Taylor,0.05460884
2024-05-21 08:00:00,Adams,0.035052177
2024-05-21 08:00:00,Black Hawk,0.7113608
2024-05-21 08:00:00,Scott,0.18028063
2024-05-21 08:00:00,Emmet,0.045020573
2024-05-21 08:00:00,Chickasaw,0.7638943
2024-05-21 09:00:00,Crawford,0.055840045
2024-05-21 09:00:00,Dickinson,0.00072001386
2024-05-21 09:00:00,Lee,0.5316123
2024-05-21 09:00:00,Lyon,0.00082669465
2024-05-21 09:00:00,Benton,0.7832691
2024-05-21 09:00:00,Winneshiek,0.7110797
2024-05-21 09:00:00,Worth,0.48233354
2024-05-21 09:00:00,Jackson,0.22868082
2024-05-21 09:00:00,Van Buren,0.56407857
2024-05-21 09:00:00,Monroe,0.7175547
2024-05-21 09:00:00,Boone,0.4832375
2024-05-21 09:00:00,Wayne,0.80262107
2024-05-21 09:00:00,Hardin,0.28331408
2024-05-21 09:00:00,Page,0.06678637
2024-05-21 09:00:00,Harrison,0.024519233
2024-05-21 09:00:00,Grundy,0.6204018
2024-05-21 09:00:00,Allamakee,0.7451967
2024-05-21 09:00:00,Jones,0.13749619
2024-05-21 09:00:00,Appanoose,0.6836347
2024-05-21 09:00:00,Howard,0.8279451
2024-05-21 09:00:00,Fremont,0.0038676655
2024-05-21 09:00:00,Clinton,0.024826568
2024-05-21 09:00:00,Story,0.6892399
2024-05-21 09:00:00,Carroll,0.3157968
2024-05-21 09:00:00,Cedar,0.5779703
2024-05-21 09:00:00,Decatur,0.67378604
2024-05-21 09:00:00,Greene,0.6891733
2024-05-21 09:00:00,Taylor,0.88947314
2024-05-21 09:00:00,Des Moines,0.36734977
2024-05-21 09:00:00,Ringgold,0.10978844
2024-05-21 09:00:00,Tama,0.51571053
2024-05-21 09:00:00,Kossuth,0.6796418
2024-05-21 09:00:00,Winnebago,0.567203
2024-05-21 09:00:00,Osceola,0.0007199925
2024-05-21 09:00:00,Linn,0.04141829
2024-05-21 09:00:00,Marshall,0.81854326
2024-05-21 09:00:00,Davis,0.6357726
2024-05-21 09:00:00,Emmet,0.1931478
2024-05-21 09:00:00,Hamilton,0.7022292
2024-05-21 09:00:00,Mitchell,0.37967983
2024-05-21 09:00:00,Clay,0.048336048
2024-05-21 09:00:00,Jefferson,0.7291211
2024-05-21 09:00:00,Mahaska,0.70934206
2024-05-21 09:00:00,Dallas,0.061150122
2024-05-21 09:00:00,Dubuque,0.109082125
2024-05-21 09:00:00,Cherokee,0.063893
2024-05-21 09:00:00,Henry,0.8274033
2024-05-21 09:00:00,Scott,0.43156958
2024-05-21 09:00:00,Hancock,0.5996263
2024-05-21 09:00:00,Woodbury,0.13614205
2024-05-21 09:00:00,Madison,0.69921154
2024-05-21 09:00:00,Johnson,0.7140331
2024-05-21 09:00:00,Butler,0.65932655
2024-05-21 09:00:00,Union,0.06085121
2024-05-21 09:00:00,Buena Vista,0.038567066
2024-05-21 09:00:00,Palo Alto,0.052207705
2024-05-21 09:00:00,Warren,0.52819496
2024-05-21 09:00:00,Cerro Gordo,0.3838661
2024-05-21 09:00:00,Ida,0.03082874
2024-05-21 09:00:00,Black Hawk,0.31945848
2024-05-21 09:00:00,Adams,0.15987462
2024-05-21 09:00:00,Sioux,0.006765216
2024-05-21 09:00:00,Webster,0.85216427
2024-05-21 09:00:00,Clayton,0.7578252
2024-05-21 09:00:00,Polk,0.69770616
2024-05-21 09:00:00,Louisa,0.44155085
2024-05-21 09:00:00,Floyd,0.34276345
2024-05-21 09:00:00,Poweshiek,0.5025814
2024-05-21 09:00:00,Montgomery,0.041713282
2024-05-21 09:00:00,Buchanan,0.6889954
2024-05-21 09:00:00,Fayette,0.9155587
2024-05-21 09:00:00,Delaware,0.08642602
2024-05-21 09:00:00,Iowa,0.60135937
2024-05-21 09:00:00,Marion,0.88754624
2024-05-21 09:00:00,Jasper,0.8005399
2024-05-21 09:00:00,Chickasaw,0.94783705
2024-05-21 09:00:00,Plymouth,0.015094547
2024-05-21 09:00:00,Muscatine,0.051218007
2024-05-21 09:00:00,Mills,0.00096364145
2024-05-21 09:00:00,Lucas,0.70699704
2024-05-21 09:00:00,Adair,0.32638285
2024-05-21 09:00:00,Audubon,0.024101643
2024-05-21 09:00:00,Bremer,0.32867002
2024-05-21 09:00:00,Cass,0.046162017
2024-05-21 09:00:00,Calhoun,0.6543289
2024-05-21 09:00:00,Sac,0.024867686
2024-05-21 09:00:00,Franklin,0.88543653
2024-05-21 09:00:00,Monona,0.03543125
2024-05-21 09:00:00,Clarke,0.29367268
2024-05-21 09:00:00,Shelby,0.08356158
2024-05-21 09:00:00,Obrien,0.033715617
2024-05-21 09:00:00,Wright,0.6894848
2024-05-21 09:00:00,Pottawattamie,0.00093074655
2024-05-21 09:00:00,Wapello,0.694669
2024-05-21 09:00:00,Washington,0.5368004
2024-05-21 09:00:00,Guthrie,0.6344587
2024-05-21 09:00:00,Pocahontas,0.09691055
2024-05-21 09:00:00,Keokuk,0.44297
2024-05-21 09:00:00,Humboldt,0.6870646
2024-05-21 10:00:00,Muscatine,0.3907745
2024-05-21 10:00:00,Marion,0.8740862
2024-05-21 10:00:00,Adair,0.0910856
2024-05-21 10:00:00,Fayette,0.41985774
2024-05-21 10:00:00,Bremer,0.5944683
2024-05-21 10:00:00,Poweshiek,0.84529793
2024-05-21 10:00:00,Delaware,0.07692834
2024-05-21 10:00:00,Washington,0.08502078
2024-05-21 10:00:00,Boone,0.11408788
2024-05-21 10:00:00,Lee,0.19220541
2024-05-21 10:00:00,Lyon,0.006870408
2024-05-21 10:00:00,Van Buren,0.055514168
2024-05-21 10:00:00,Cass,0.4115796
2024-05-21 10:00:00,Louisa,0.32706088
2024-05-21 10:00:00,Jones,0.75680536
2024-05-21 10:00:00,Clayton,0.24600358
2024-05-21 10:00:00,Wright,0.63678545
2024-05-21 10:00:00,Allamakee,0.12925187
2024-05-21 10:00:00,Jasper,0.7510761
2024-05-21 10:00:00,Davis,0.8785877
2024-05-21 10:00:00,Plymouth,0.010205966
2024-05-21 10:00:00,Wayne,0.741247
2024-05-21 10:00:00,Warren,0.83802974
2024-05-21 10:00:00,Carroll,0.01068005
2024-05-21 10:00:00,Dickinson,0.019539509
2024-05-21 10:00:00,Buena Vista,0.11619086
2024-05-21 10:00:00,Benton,0.04544119
2024-05-21 10:00:00,Franklin,0.8161169
2024-05-21 10:00:00,Pocahontas,0.0325033
2024-05-21 10:00:00,Butler,0.7803832
2024-05-21 10:00:00,Webster,0.0409575
2024-05-21 10:00:00,Appanoose,0.7179933
2024-05-21 10:00:00,Osceola,0.0011425698
2024-05-21 10:00:00,Madison,0.85175467
2024-05-21 10:00:00,Decatur,0.9225571
2024-05-21 10:00:00,Keokuk,0.34124735
2024-05-21 10:00:00,Scott,0.6567918
2024-05-21 10:00:00,Cherokee,0.23954469
2024-05-21 10:00:00,Emmet,0.061371636
2024-05-21 10:00:00,Pottawattamie,0.003850746
2024-05-21 10:00:00,Tama,0.5035486
2024-05-21 10:00:00,Dubuque,0.8269005
2024-05-21 10:00:00,Crawford,0.18710724
2024-05-21 10:00:00,Greene,0.010005708
2024-05-21 10:00:00,Mahaska,0.5940844
2024-05-21 10:00:00,Linn,0.46343464
2024-05-21 10:00:00,Humboldt,0.04028923
2024-05-21 10:00:00,Sioux,0.009584973
2024-05-21 10:00:00,Kossuth,0.11160452
2024-05-21 10:00:00,Polk,0.9518546
2024-05-21 10:00:00,Page,0.87221
2024-05-21 10:00:00,Grundy,0.64418477
2024-05-21 10:00:00,Henry,0.12184176
2024-05-21 10:00:00,Hancock,0.25727797
2024-05-21 10:00:00,Woodbury,0.36484003
2024-05-21 10:00:00,Johnson,0.5664928
2024-05-21 10:00:00,Jefferson,0.21798009
2024-05-21 10:00:00,Clinton,0.5471844
2024-05-21 10:00:00,Winnebago,0.042597193
2024-05-21 10:00:00,Fremont,0.07112771
2024-05-21 10:00:00,Palo Alto,0.11600252
2024-05-21 10:00:00,Union,0.21180147
2024-05-21 10:00:00,Ida,0.22128625
2024-05-21 10:00:00,Hardin,0.25622535
2024-05-21 10:00:00,Guthrie,0.08591182
2024-05-21 10:00:00,Wapello,0.78472424
2024-05-21 10:00:00,Clay,0.032683905
2024-05-21 10:00:00,Harrison,0.100664906
2024-05-21 10:00:00,Calhoun,0.028207554
2024-05-21 10:00:00,Monroe,0.7678512
2024-05-21 10:00:00,Worth,0.6469857
2024-05-21 10:00:00,Lucas,0.7094798
2024-05-21 10:00:00,Shelby,0.34133905
2024-05-21 10:00:00,Howard,0.93297076
2024-05-21 10:00:00,Hamilton,0.86570245
2024-05-21 10:00:00,Clarke,0.5870277
2024-05-21 10:00:00,Audubon,0.05281498
2024-05-21 10:00:00,Sac,0.05253708
2024-05-21 10:00:00,Cedar,0.27224994
2024-05-21 10:00:00,Des Moines,0.16140713
2024-05-21 10:00:00,Mitchell,0.5762461
2024-05-21 10:00:00,Obrien,0.035618473
2024-05-21 10:00:00,Dallas,0.007349819
2024-05-21 10:00:00,Monona,0.16458863
2024-05-21 10:00:00,Adams,0.1419458
2024-05-21 10:00:00,Winneshiek,0.42284235
2024-05-21 10:00:00,Chickasaw,0.84056437
2024-05-21 10:00:00,Floyd,0.5118047
2024-05-21 10:00:00,Black Hawk,0.40678138
2024-05-21 10:00:00,Iowa,0.6678515
2024-05-21 10:00:00,Story,0.09613598
2024-05-21 10:00:00,Cerro Gordo,0.896893
2024-05-21 10:00:00,Buchanan,0.97866344
2024-05-21 10:00:00,Mills,0.0039845193
2024-05-21 10:00:00,Marshall,0.7366965
2024-05-21 10:00:00,Ringgold,0.14797747
2024-05-21 10:00:00,Jackson,0.5946654
2024-05-21 10:00:00,Montgomery,0.02076537
2024-05-21 10:00:00,Taylor,0.66566837
2024-05-21 11:00:00,Adair,0.3069894
2024-05-21 11:00:00,Boone,0.55493087
2024-05-21 11:00:00,Pottawattamie,0.2231056
2024-05-21 11:00:00,Clarke,0.5396315
2024-05-21 11:00:00,Cedar,0.36844918
2024-05-21 11:00:00,Crawford,0.16433218
2024-05-21 11:00:00,Greene,0.18002637
2024-05-21 11:00:00,Appanoose,0.36520082
2024-05-21 11:00:00,Poweshiek,0.7007282
2024-05-21 11:00:00,Shelby,0.085158914
2024-05-21 11:00:00,Washington,0.07633377
2024-05-21 11:00:00,Mills,0.00080752483
2024-05-21 11:00:00,Louisa,0.13167635
2024-05-21 11:00:00,Lee,0.16217412
2024-05-21 11:00:00,Monroe,0.9515129
2024-05-21 11:00:00,Cass,0.033642437
2024-05-21 11:00:00,Lucas,0.8611012
2024-05-21 11:00:00,Ringgold,0.022565393
2024-05-21 11:00:00,Harrison,0.10774989
2024-05-21 11:00:00,Story,0.039589703
2024-05-21 11:00:00,Wapello,0.26637882
2024-05-21 11:00:00,Van Buren,0.19682157
2024-05-21 11:00:00,Montgomery,0.06320672
2024-05-21 11:00:00,Page,0.57996815
2024-05-21 11:00:00,Marshall,0.7000122
2024-05-21 11:00:00,Mahaska,0.38061005
2024-05-21 11:00:00,Davis,0.14782481
2024-05-21 11:00:00,Henry,0.3132432
2024-05-21 11:00:00,Scott,0.27301335
2024-05-21 11:00:00,Madison,0.06674402
2024-05-21 11:00:00,Decatur,0.08237398
2024-05-21 11:00:00,Johnson,0.2663655
2024-05-21 11:00:00,Adams,0.464938
2024-05-21 11:00:00,Polk,0.23659596
2024-05-21 11:00:00,Jasper,0.8291239
2024-05-21 11:00:00,Clinton,0.7856178
2024-05-21 11:00:00,Warren,0.9404152
2024-05-21 11:00:00,Fremont,0.32281548
2024-05-21 11:00:00,Taylor,0.90149856
2024-05-21 11:00:00,Marion,0.7617167
2024-05-21 11:00:00,Muscatine,0.13064243
2024-05-21 11:00:00,Guthrie,0.079447955
2024-05-21 11:00:00,Union,0.20309295
2024-05-21 11:00:00,Wayne,0.91868275
2024-05-21 11:00:00,Iowa,0.66407096
2024-05-21 11:00:00,Dallas,0.3889564
2024-05-21 11:00:00,Keokuk,0.27207565
2024-05-21 11:00:00,Des Moines,0.33139464
2024-05-21 11:00:00,Audubon,0.10169965
2024-05-21 11:00:00,Jefferson,0.22295266
2024-05-21 11:00:00,Carroll,0.024854543
2024-05-21 11:00:00,Dickinson,0.12337614
2024-05-21 11:00:00,Chickasaw,0.70537096
2024-05-21 11:00:00,Hamilton,0.02487792
2024-05-21 11:00:00,Wright,0.011942544
2024-05-21 11:00:00,Obrien,0.07241504
2024-05-21 11:00:00,Linn,0.9729677
2024-05-21 11:00:00,Emmet,0.27642247
2024-05-21 11:00:00,Cerro Gordo,0.03702752
2024-05-21 11:00:00,Tama,0.1130122
2024-05-21 11:00:00,Howard,0.9517855
2024-05-21 11:00:00,Bremer,0.78634197
2024-05-21 11:00:00,Benton,0.04946895
2024-05-21 11:00:00,Osceola,0.004408868
2024-05-21 11:00:00,Franklin,0.03140401
2024-05-21 11:00:00,Calhoun,0.40230086
2024-05-21 11:00:00,Mitchell,0.35225794
2024-05-21 11:00:00,Hancock,0.049082227
2024-05-21 11:00:00,Delaware,0.34119874
2024-05-21 11:00:00,Butler,0.4811566
2024-05-21 11:00:00,Sac,0.49524158
2024-05-21 11:00:00,Winnebago,0.084916346
2024-05-21 11:00:00,Palo Alto,0.645886
2024-05-21 11:00:00,Clay,0.42633456
2024-05-21 11:00:00,Ida,0.11325143
2024-05-21 11:00:00,Dubuque,0.95772994
2024-05-21 11:00:00,Winneshiek,0.79928005
2024-05-21 11:00:00,Webster,0.28945175
2024-05-21 11:00:00,Jones,0.9504486
2024-05-21 11:00:00,Plymouth,0.023671292
2024-05-21 11:00:00,Jackson,0.7394563
2024-05-21 11:00:00,Allamakee,0.35071576
2024-05-21 11:00:00,Cherokee,0.28941706
2024-05-21 11:00:00,Black Hawk,0.32393107
2024-05-21 11:00:00,Sioux,0.0093998555
2024-05-21 11:00:00,Fayette,0.55143386
2024-05-21 11:00:00,Grundy,0.1932291
2024-05-21 11:00:00,Buena Vista,0.11059335
2024-05-21 11:00:00,Humboldt,0.1357128
2024-05-21 11:00:00,Lyon,0.006968621
2024-05-21 11:00:00,Kossuth,0.6976643
2024-05-21 11:00:00,Worth,0.04658802
2024-05-21 11:00:00,Monona,0.12261141
2024-05-21 11:00:00,Clayton,0.9148432
2024-05-21 11:00:00,Woodbury,0.263874
2024-05-21 11:00:00,Buchanan,0.8217461
2024-05-21 11:00:00,Pocahontas,0.102162145
2024-05-21 11:00:00,Hardin,0.75135607
2024-05-21 11:00:00,Floyd,0.57921034
2024-05-21 12:00:00,Worth,0.14277548
2024-05-21 12:00:00,Dallas,0.7182152
2024-05-21 12:00:00,Guthrie,0.03475363
2024-05-21 12:00:00,Des Moines,0.18152995
2024-05-21 12:00:00,Woodbury,0.19181016
2024-05-21 12:00:00,Johnson,0.09074084
2024-05-21 12:00:00,Mitchell,0.40466154
2024-05-21 12:00:00,Ida,0.7520594
2024-05-21 12:00:00,Monona,0.025842732
2024-05-21 12:00:00,Winnebago,0.024631307
2024-05-21 12:00:00,Allamakee,0.79710615
2024-05-21 12:00:00,Marshall,0.4378051
2024-05-21 12:00:00,Grundy,0.13678712
2024-05-21 12:00:00,Van Buren,0.17053835
2024-05-21 12:00:00,Kossuth,0.2551427
2024-05-21 12:00:00,Clinton,0.29195836
2024-05-21 12:00:00,Hardin,0.67731
2024-05-21 12:00:00,Cedar,0.119853094
2024-05-21 12:00:00,Ringgold,0.82142186
2024-05-21 12:00:00,Winneshiek,0.6398209
2024-05-21 12:00:00,Hamilton,0.23175389
2024-05-21 12:00:00,Harrison,6.7658155e-05
2024-05-21 12:00:00,Taylor,0.36996406
2024-05-21 12:00:00,Monroe,0.3871619
2024-05-21 12:00:00,Calhoun,0.45253468
2024-05-21 12:00:00,Shelby,0.14809197
2024-05-21 12:00:00,Page,0.09115889
2024-05-21 12:00:00,Sac,0.20973986
2024-05-21 12:00:00,Audubon,0.040361498
2024-05-21 12:00:00,Fremont,0.14638565
2024-05-21 12:00:00,Howard,0.10767528
2024-05-21 12:00:00,Obrien,0.8982311
2024-05-21 12:00:00,Iowa,0.28403965
2024-05-21 12:00:00,Cass,0.025622455
2024-05-21 12:00:00,Wright,0.4784216
2024-05-21 12:00:00,Washington,0.20897672
2024-05-21 12:00:00,Adams,0.5891917
2024-05-21 12:00:00,Chickasaw,0.72312874
2024-05-21 12:00:00,Humboldt,0.057785034
2024-05-21 12:00:00,Adair,0.11193921
2024-05-21 12:00:00,Montgomery,0.71049607
2024-05-21 12:00:00,Floyd,0.57606447
2024-05-21 12:00:00,Pocahontas,0.17838126
2024-05-21 12:00:00,Keokuk,0.07747263
2024-05-21 12:00:00,Mills,0.003339512
2024-05-21 12:00:00,Buena Vista,0.66255337
2024-05-21 12:00:00,Warren,0.84879315
2024-05-21 12:00:00,Clayton,0.7545892
2024-05-21 12:00:00,Louisa,0.061559793
2024-05-21 12:00:00,Madison,0.5308513
2024-05-21 12:00:00,Fayette,0.25353897
2024-05-21 12:00:00,Cherokee,0.2803962
2024-05-21 12:00:00,Mahaska,0.706462
2024-05-21 12:00:00,Marion,0.3616686
2024-05-21 12:00:00,Cerro Gordo,0.45618176
2024-05-21 12:00:00,Black Hawk,0.7701502
2024-05-21 12:00:00,Henry,0.06654124
2024-05-21 12:00:00,Pottawattamie,0.10592521
2024-05-21 12:00:00,Lucas,0.8049932
2024-05-21 12:00:00,Sioux,0.075883806
2024-05-21 12:00:00,Buchanan,0.86256063
2024-05-21 12:00:00,Polk,0.6405038
2024-05-21 12:00:00,Webster,0.24165152
2024-05-21 12:00:00,Clarke,0.45093477
2024-05-21 12:00:00,Jackson,0.8991374
2024-05-21 12:00:00,Poweshiek,0.6867978
2024-05-21 12:00:00,Delaware,0.8260992
2024-05-21 12:00:00,Wapello,0.2641156
2024-05-21 12:00:00,Clay,0.1977144
2024-05-21 12:00:00,Jasper,0.7591113
2024-05-21 12:00:00,Dubuque,0.91754013
2024-05-21 12:00:00,Scott,0.39741564
2024-05-21 12:00:00,Union,0.5794986
2024-05-21 12:00:00,Palo Alto,0.18772009
2024-05-21 12:00:00,Butler,0.6695017
2024-05-21 12:00:00,Muscatine,0.40667343
2024-05-21 12:00:00,Jefferson,0.13086879
2024-05-21 12:00:00,Hancock,0.06644419
2024-05-21 12:00:00,Franklin,0.6622296
2024-05-21 12:00:00,Bremer,0.18709625
2024-05-21 12:00:00,Davis,0.32677063
2024-05-21 12:00:00,Plymouth,0.34905523
2024-05-21 12:00:00,Benton,0.43181148
2024-05-21 12:00:00,Carroll,0.055562597
2024-05-21 12:00:00,Lee,0.30703884
2024-05-21 12:00:00,Lyon,0.06189016
2024-05-21 12:00:00,Greene,0.07202074
2024-05-21 12:00:00,Decatur,0.20085035
2024-05-21 12:00:00,Emmet,0.06381282
2024-05-21 12:00:00,Crawford,0.381669
2024-05-21 12:00:00,Tama,0.3715002
2024-05-21 12:00:00,Dickinson,0.032367714
2024-05-21 12:00:00,Linn,0.15099935
2024-05-21 12:00:00,Boone,0.46523625
2024-05-21 12:00:00,Appanoose,0.28780973
2024-05-21 12:00:00,Story,0.23644945
2024-05-21 12:00:00,Jones,0.80829513
2024-05-21 12:00:00,Osceola,0.0537177
2024-05-21 12:00:00,Wayne,0.50669104
2024-05-21 13:00:00,Shelby,0.22322783
2024-05-21 13:00:00,Palo Alto,0.77894396
2024-05-21 13:00:00,Butler,0.3133662
2024-05-21 13:00:00,Scott,0.051531218
2024-05-21 13:00:00,Calhoun,0.00806919
2024-05-21 13:00:00,Carroll,0.06341715
2024-05-21 13:00:00,Union,0.34030968
2024-05-21 13:00:00,Dubuque,0.43168944
2024-05-21 13:00:00,Howard,0.7176748
2024-05-21 13:00:00,Muscatine,0.047528062
2024-05-21 13:00:00,Clay,0.49920258
2024-05-21 13:00:00,Decatur,0.035336893
2024-05-21 13:00:00,Taylor,0.0985649
2024-05-21 13:00:00,Jefferson,0.5535309
2024-05-21 13:00:00,Franklin,0.03131211
2024-05-21 13:00:00,Hancock,0.046479404
2024-05-21 13:00:00,Harrison,0.27787057
2024-05-21 13:00:00,Emmet,0.27712256
2024-05-21 13:00:00,Pottawattamie,0.0698488
2024-05-21 13:00:00,Hamilton,0.047868885
2024-05-21 13:00:00,Henry,0.13204873
2024-05-21 13:00:00,Osceola,0.010722055
2024-05-21 13:00:00,Page,0.0026881706
2024-05-21 13:00:00,Davis,0.04010951
2024-05-21 13:00:00,Wapello,0.10455147
2024-05-21 13:00:00,Woodbury,0.00694346
2024-05-21 13:00:00,Johnson,0.043164186
2024-05-21 13:00:00,Des Moines,0.087335065
2024-05-21 13:00:00,Black Hawk,0.9610651
2024-05-21 13:00:00,Dickinson,0.4481025
2024-05-21 13:00:00,Dallas,0.2847082
2024-05-21 13:00:00,Mitchell,0.6466278
2024-05-21 13:00:00,Plymouth,0.12766413
2024-05-21 13:00:00,Monroe,0.13386102
2024-05-21 13:00:00,Worth,0.06250644
2024-05-21 13:00:00,Iowa,0.10659131
2024-05-21 13:00:00,Guthrie,0.21315648
2024-05-21 13:00:00,Lucas,0.5878136
2024-05-21 13:00:00,Ida,0.00044507728
2024-05-21 13:00:00,Greene,0.23128325
2024-05-21 13:00:00,Buchanan,0.13314784
2024-05-21 13:00:00,Sioux,0.8218408
2024-05-21 13:00:00,Benton,0.6271667
2024-05-21 13:00:00,Bremer,0.45492482
2024-05-21 13:00:00,Delaware,0.049555864
2024-05-21 13:00:00,Sac,0.00035057624
2024-05-21 13:00:00,Boone,0.44494396
2024-05-21 13:00:00,Poweshiek,0.6236825
2024-05-21 13:00:00,Jasper,0.43493885
2024-05-21 13:00:00,Audubon,0.2358379
2024-05-21 13:00:00,Wayne,0.6275368
2024-05-21 13:00:00,Winnebago,0.12785205
2024-05-21 13:00:00,Webster,0.34113264
2024-05-21 13:00:00,Clarke,0.10953332
2024-05-21 13:00:00,Fremont,0.0029848106
2024-05-21 13:00:00,Polk,0.056154482
2024-05-21 13:00:00,Obrien,0.14237522
2024-05-21 13:00:00,Appanoose,0.1708899
2024-05-21 13:00:00,Linn,0.04862294
2024-05-21 13:00:00,Cass,0.019537788
2024-05-21 13:00:00,Adair,0.45520377
2024-05-21 13:00:00,Allamakee,0.31950864
2024-05-21 13:00:00,Fayette,0.06918641
2024-05-21 13:00:00,Warren,0.011100328
2024-05-21 13:00:00,Montgomery,0.014527017
2024-05-21 13:00:00,Tama,0.7424401
2024-05-21 13:00:00,Madison,0.6667087
2024-05-21 13:00:00,Kossuth,0.4804058
2024-05-21 13:00:00,Floyd,0.8321203
2024-05-21 13:00:00,Cherokee,0.003542239
2024-05-21 13:00:00,Crawford,0.072727695
2024-05-21 13:00:00,Marshall,0.7819316
2024-05-21 13:00:00,Pocahontas,0.12989281
2024-05-21 13:00:00,Clinton,0.088372275
2024-05-21 13:00:00,Keokuk,0.031656172
2024-05-21 13:00:00,Clayton,0.2702235
2024-05-21 13:00:00,Van Buren,0.15710878
2024-05-21 13:00:00,Mills,0.0035318763
2024-05-21 13:00:00,Story,0.22983672
2024-05-21 13:00:00,Grundy,0.54754823
2024-05-21 13:00:00,Lee,0.08169154
2024-05-21 13:00:00,Lyon,0.041658748
2024-05-21 13:00:00,Louisa,0.07201505
2024-05-21 13:00:00,Hardin,0.27941522
2024-05-21 13:00:00,Buena Vista,0.2876024
2024-05-21 13:00:00,Wright,0.013664371
2024-05-21 13:00:00,Cerro Gordo,0.02283489
2024-05-21 13:00:00,Humboldt,0.32198086
2024-05-21 13:00:00,Washington,0.030365452
2024-05-21 13:00:00,Cedar,0.057138823
2024-05-21 13:00:00,Jones,0.16244343
2024-05-21 13:00:00,Mahaska,0.56026345
2024-05-21 13:00:00,Ringgold,0.17616315
2024-05-21 13:00:00,Jackson,0.08308114
2024-05-21 13:00:00,Adams,0.021702264
2024-05-21 13:00:00,Chickasaw,0.523629
2024-05-21 13:00:00,Marion,0.11091993
2024-05-21 13:00:00,Monona,0.38990012
2024-05-21 13:00:00,Winneshiek,0.71699446
2024-05-21 14:00:00,Clarke,0.17616315
2024-05-21 14:00:00,Sioux,0.012405702
2024-05-21 14:00:00,Monona,0.006129575
2024-05-21 14:00:00,Johnson,0.02776855
2024-05-21 14:00:00,Webster,0.023548678
2024-05-21 14:00:00,Polk,0.110389784
2024-05-21 14:00:00,Linn,0.2886808
2024-05-21 14:00:00,Warren,0.030396517
2024-05-21 14:00:00,Clayton,0.65559006
2024-05-21 14:00:00,Mitchell,0.057928976
2024-05-21 14:00:00,Fayette,0.9159435
2024-05-21 14:00:00,Mahaska,0.0661989
2024-05-21 14:00:00,Dickinson,0.04109973
2024-05-21 14:00:00,Louisa,0.12310126
2024-05-21 14:00:00,Cherokee,0.051392585
2024-05-21 14:00:00,Black Hawk,0.8090759
2024-05-21 14:00:00,Lucas,0.014191473
2024-05-21 14:00:00,Iowa,0.090273775
2024-05-21 14:00:00,Madison,0.01872894
2024-05-21 14:00:00,Greene,0.890436
2024-05-21 14:00:00,Worth,0.11850724
2024-05-21 14:00:00,Plymouth,0.0008228704
2024-05-21 14:00:00,Dallas,0.015386125
2024-05-21 14:00:00,Marion,0.0066664075
2024-05-21 14:00:00,Lee,0.056274064
2024-05-21 14:00:00,Buchanan,0.82423186
2024-05-21 14:00:00,Delaware,0.11431391
2024-05-21 14:00:00,Wayne,0.006703387
2024-05-21 14:00:00,Adair,0.0044225734
2024-05-21 14:00:00,Crawford,0.015595948
2024-05-21 14:00:00,Humboldt,0.03912075
2024-05-21 14:00:00,Chickasaw,0.2857877
2024-05-21 14:00:00,Muscatine,0.015981678
2024-05-21 14:00:00,Jefferson,0.018625323
2024-05-21 14:00:00,Benton,0.8285975
2024-05-21 14:00:00,Montgomery,0.0020498978
2024-05-21 14:00:00,Washington,0.5911744
2024-05-21 14:00:00,Wright,0.056707125
2024-05-21 14:00:00,Hancock,0.050955355
2024-05-21 14:00:00,Cerro Gordo,0.100984216
2024-05-21 14:00:00,Pottawattamie,0.005486602
2024-05-21 14:00:00,Henry,0.055745307
2024-05-21 14:00:00,Bremer,0.2469291
2024-05-21 14:00:00,Cass,0.07777828
2024-05-21 14:00:00,Adams,0.0021996975
2024-05-21 14:00:00,Butler,0.6555289
2024-05-21 14:00:00,Palo Alto,0.021674681
2024-05-21 14:00:00,Carroll,0.025072934
2024-05-21 14:00:00,Obrien,0.11075933
2024-05-21 14:00:00,Davis,0.022793904
2024-05-21 14:00:00,Lyon,0.023659311
2024-05-21 14:00:00,Poweshiek,0.13299614
2024-05-21 14:00:00,Appanoose,0.04508645
2024-05-21 14:00:00,Mills,0.010743623
2024-05-21 14:00:00,Keokuk,0.16100913
2024-05-21 14:00:00,Wapello,0.029708039
2024-05-21 14:00:00,Jasper,0.12720855
2024-05-21 14:00:00,Pocahontas,0.939559
2024-05-21 14:00:00,Floyd,0.023622528
2024-05-21 14:00:00,Clay,0.22099529
2024-05-21 14:00:00,Dubuque,0.08440267
2024-05-21 14:00:00,Osceola,0.019426282
2024-05-21 14:00:00,Union,0.024405079
2024-05-21 14:00:00,Tama,0.6188572
2024-05-21 14:00:00,Scott,0.026629273
2024-05-21 14:00:00,Buena Vista,0.12669313
2024-05-21 14:00:00,Franklin,0.2191538
2024-05-21 14:00:00,Monroe,0.0792126
2024-05-21 14:00:00,Decatur,0.112508155
2024-05-21 14:00:00,Kossuth,0.23466292
2024-05-21 14:00:00,Hardin,0.16499174
2024-05-21 14:00:00,Clinton,0.01566953
2024-05-21 14:00:00,Calhoun,0.8623501
2024-05-21 14:00:00,Winneshiek,0.8228236
2024-05-21 14:00:00,Woodbury,0.001758731
2024-05-21 14:00:00,Van Buren,0.026784169
2024-05-21 14:00:00,Harrison,0.066359125
2024-05-21 14:00:00,Story,0.11404186
2024-05-21 14:00:00,Grundy,0.16667981
2024-05-21 14:00:00,Howard,0.08239464
2024-05-21 14:00:00,Winnebago,0.17616196
2024-05-21 14:00:00,Ringgold,0.022387058
2024-05-21 14:00:00,Taylor,0.008732682
2024-05-21 14:00:00,Guthrie,0.026456539
2024-05-21 14:00:00,Shelby,0.013019234
2024-05-21 14:00:00,Cedar,0.06693797
2024-05-21 14:00:00,Ida,0.018109618
2024-05-21 14:00:00,Emmet,0.4167545
2024-05-21 14:00:00,Hamilton,0.025982391
2024-05-21 14:00:00,Jackson,0.042319704
2024-05-21 14:00:00,Boone,0.040626757
2024-05-21 14:00:00,Jones,0.06991064
2024-05-21 14:00:00,Allamakee,0.44887394
2024-05-21 14:00:00,Page,0.005993468
2024-05-21 14:00:00,Sac,0.28978172
2024-05-21 14:00:00,Des Moines,0.06780988
2024-05-21 14:00:00,Marshall,0.032584507
2024-05-21 14:00:00,Audubon,0.019114634
2024-05-21 14:00:00,Fremont,0.0021013
2024-05-21 15:00:00,Pottawattamie,0.018093782
2024-05-21 15:00:00,Hancock,0.0028675962
2024-05-21 15:00:00,Henry,0.00810737
2024-05-21 15:00:00,Jones,0.039738014
2024-05-21 15:00:00,Franklin,0.045527786
2024-05-21 15:00:00,Bremer,0.2661089
2024-05-21 15:00:00,Benton,0.008320928
2024-05-21 15:00:00,Woodbury,0.003425965
2024-05-21 15:00:00,Jefferson,0.006748767
2024-05-21 15:00:00,Sac,0.020048438
2024-05-21 15:00:00,Wapello,0.013953572
2024-05-21 15:00:00,Boone,0.30676582
2024-05-21 15:00:00,Jasper,0.012827191
2024-05-21 15:00:00,Page,0.006438569
2024-05-21 15:00:00,Clay,0.101534516
2024-05-21 15:00:00,Dubuque,0.03722761
2024-05-21 15:00:00,Osceola,0.004813511
2024-05-21 15:00:00,Union,0.0019837522
2024-05-21 15:00:00,Shelby,0.05415563
2024-05-21 15:00:00,Scott,0.050027076
2024-05-21 15:00:00,Carroll,0.030504022
2024-05-21 15:00:00,Howard,0.26455408
2024-05-21 15:00:00,Palo Alto,0.024953458
2024-05-21 15:00:00,Butler,0.04202487
2024-05-21 15:00:00,Calhoun,0.06779713
2024-05-21 15:00:00,Muscatine,0.033299405
2024-05-21 15:00:00,Taylor,0.0015745898
2024-05-21 15:00:00,Hamilton,0.17638932
2024-05-21 15:00:00,Adams,0.016177375
2024-05-21 15:00:00,Winneshiek,0.124280155
2024-05-21 15:00:00,Grundy,0.051666584
2024-05-21 15:00:00,Van Buren,0.01633091
2024-05-21 15:00:00,Warren,0.0062994524
2024-05-21 15:00:00,Clayton,0.2770427
2024-05-21 15:00:00,Louisa,0.011858758
2024-05-21 15:00:00,Marshall,0.0029840232
2024-05-21 15:00:00,Lee,0.017978994
2024-05-21 15:00:00,Cherokee,0.001352517
2024-05-21 15:00:00,Buena Vista,0.013249458
2024-05-21 15:00:00,Story,0.024564277
2024-05-21 15:00:00,Madison,0.0042349542
2024-05-21 15:00:00,Marion,0.04119497
2024-05-21 15:00:00,Plymouth,0.0027136933
2024-05-21 15:00:00,Monona,0.00032145553
2024-05-21 15:00:00,Jackson,0.028980188
2024-05-21 15:00:00,Mahaska,0.029002
2024-05-21 15:00:00,Fayette,0.18384074
2024-05-21 15:00:00,Davis,0.04707568
2024-05-21 15:00:00,Allamakee,0.7954994
2024-05-21 15:00:00,Appanoose,0.004129516
2024-05-21 15:00:00,Lyon,0.0020945559
2024-05-21 15:00:00,Keokuk,0.005552365
2024-05-21 15:00:00,Cass,0.001015626
2024-05-21 15:00:00,Cerro Gordo,0.06977749
2024-05-21 15:00:00,Wright,0.012563269
2024-05-21 15:00:00,Cedar,0.026292233
2024-05-21 15:00:00,Emmet,0.18909225
2024-05-21 15:00:00,Washington,0.0038545486
2024-05-21 15:00:00,Crawford,0.00022625114
2024-05-21 15:00:00,Ringgold,0.0027067105
2024-05-21 15:00:00,Mills,0.007071756
2024-05-21 15:00:00,Chickasaw,0.49680188
2024-05-21 15:00:00,Hardin,0.016961481
2024-05-21 15:00:00,Adair,0.025500864
2024-05-21 15:00:00,Montgomery,0.027365103
2024-05-21 15:00:00,Kossuth,0.03594919
2024-05-21 15:00:00,Floyd,0.025743045
2024-05-21 15:00:00,Pocahontas,0.0065826494
2024-05-21 15:00:00,Clinton,0.03421064
2024-05-21 15:00:00,Tama,0.035587177
2024-05-21 15:00:00,Humboldt,0.0060813804
2024-05-21 15:00:00,Delaware,0.3850495
2024-05-21 15:00:00,Harrison,0.0071845446
2024-05-21 15:00:00,Poweshiek,0.0021927936
2024-05-21 15:00:00,Monroe,0.0070463484
2024-05-21 15:00:00,Obrien,0.00092642196
2024-05-21 15:00:00,Polk,0.004529797
2024-05-21 15:00:00,Decatur,0.018573461
2024-05-21 15:00:00,Wayne,0.02304344
2024-05-21 15:00:00,Lucas,0.02345719
2024-05-21 15:00:00,Guthrie,0.18367018
2024-05-21 15:00:00,Dickinson,0.00561279
2024-05-21 15:00:00,Black Hawk,0.007796665
2024-05-21 15:00:00,Dallas,0.010807611
2024-05-21 15:00:00,Ida,0.0016915502
2024-05-21 15:00:00,Audubon,0.032227784
2024-05-21 15:00:00,Worth,0.03912075
2024-05-21 15:00:00,Webster,0.018907655
2024-05-21 15:00:00,Linn,0.12520936
2024-05-21 15:00:00,Des Moines,0.021303661
2024-05-21 15:00:00,Mitchell,0.5665803
2024-05-21 15:00:00,Greene,0.0056756637
2024-05-21 15:00:00,Clarke,0.0048863865
2024-05-21 15:00:00,Iowa,0.0045814104
2024-05-21 15:00:00,Winnebago,0.0041381633
2024-05-21 15:00:00,Sioux,0.000105289815
2024-05-21 15:00:00,Johnson,0.057610724
2024-05-21 15:00:00,Buchanan,0.10342717
2024-05-21 15:00:00,Fremont,0.0038309656
2024-05-21 16:00:00,Iowa,0.004223458
2024-05-21 16:00:00,Buchanan,0.0017928444
2024-05-21 16:00:00,Ringgold,0.0024520948
2024-05-21 16:00:00,Chickasaw,0.018910384
2024-05-21 16:00:00,Humboldt,0.031965517
2024-05-21 16:00:00,Emmet,0.0007279065
2024-05-21 16:00:00,Hardin,0.0076230066
2024-05-21 16:00:00,Crawford,0.0044436054
2024-05-21 16:00:00,Guthrie,0.009723727
2024-05-21 16:00:00,Lucas,0.0044560474
2024-05-21 16:00:00,Lyon,0.0002593204
2024-05-21 16:00:00,Cedar,0.004494809
2024-05-21 16:00:00,Wright,0.01567822
2024-05-21 16:00:00,Adams,0.07260042
2024-05-21 16:00:00,Cerro Gordo,0.0006106147
2024-05-21 16:00:00,Cass,0.03995137
2024-05-21 16:00:00,Decatur,0.0044623665
2024-05-21 16:00:00,Ida,0.00021038156
2024-05-21 16:00:00,Appanoose,0.009218085
2024-05-21 16:00:00,Winneshiek,0.0033023863
2024-05-21 16:00:00,Hamilton,0.02474146
2024-05-21 16:00:00,Linn,0.0039564576
2024-05-21 16:00:00,Bremer,0.0062638065
2024-05-21 16:00:00,Washington,0.011052546
2024-05-21 16:00:00,Adair,0.007894934
2024-05-21 16:00:00,Pocahontas,0.013280691
2024-05-21 16:00:00,Kossuth,0.05022575
2024-05-21 16:00:00,Monroe,0.002939275
2024-05-21 16:00:00,Lee,0.0064190975
2024-05-21 16:00:00,Allamakee,0.09552509
2024-05-21 16:00:00,Dickinson,0.0009813799
2024-05-21 16:00:00,Madison,0.0046872385
2024-05-21 16:00:00,Story,0.038395964
2024-05-21 16:00:00,Monona,0.00022143159
2024-05-21 16:00:00,Cherokee,0.00077615137
2024-05-21 16:00:00,Marion,0.006852787
2024-05-21 16:00:00,Mitchell,0.0031734356
2024-05-21 16:00:00,Davis,0.0036320726
2024-05-21 16:00:00,Woodbury,0.0014992922
2024-05-21 16:00:00,Mahaska,0.0029018715
2024-05-21 16:00:00,Jackson,0.004477855
2024-05-21 16:00:00,Johnson,0.00020215797
2024-05-21 16:00:00,Fayette,0.0022884065
2024-05-21 16:00:00,Plymouth,0.00082777574
2024-05-21 16:00:00,Montgomery,0.0143881105
2024-05-21 16:00:00,Clayton,0.04536558
2024-05-21 16:00:00,Black Hawk,0.0033701311
2024-05-21 16:00:00,Worth,0.0031280261
2024-05-21 16:00:00,Greene,0.025019424
2024-05-21 16:00:00,Clinton,0.015778903
2024-05-21 16:00:00,Sioux,0.00093610305
2024-05-21 16:00:00,Winnebago,0.025531707
2024-05-21 16:00:00,Tama,0.021091785
2024-05-21 16:00:00,Keokuk,0.0020633012
2024-05-21 16:00:00,Marshall,0.08883818
2024-05-21 16:00:00,Floyd,0.023685442
2024-05-21 16:00:00,Dallas,0.000487999
2024-05-21 16:00:00,Buena Vista,0.0008387751
2024-05-21 16:00:00,Grundy,0.022945182
2024-05-21 16:00:00,Des Moines,0.0042262822
2024-05-21 16:00:00,Van Buren,0.041438174
2024-05-21 16:00:00,Warren,0.0024110922
2024-05-21 16:00:00,Louisa,0.0014535235
2024-05-21 16:00:00,Mills,0.0012099262
2024-05-21 16:00:00,Henry,0.053859144
2024-05-21 16:00:00,Delaware,0.059391316
2024-05-21 16:00:00,Jefferson,0.04524839
2024-05-21 16:00:00,Osceola,2.7895623e-05
2024-05-21 16:00:00,Audubon,0.011069487
2024-05-21 16:00:00,Clarke,0.005095869
2024-05-21 16:00:00,Benton,0.0029050426
2024-05-21 16:00:00,Palo Alto,0.0059848386
2024-05-21 16:00:00,Shelby,0.005639079
2024-05-21 16:00:00,Carroll,0.0022268125
2024-05-21 16:00:00,Clay,0.00082217593
2024-05-21 16:00:00,Franklin,0.005253506
2024-05-21 16:00:00,Muscatine,0.002868255
2024-05-21 16:00:00,Butler,0.0073617715
2024-05-21 16:00:00,Harrison,0.0014394699
2024-05-21 16:00:00,Jones,0.04213472
2024-05-21 16:00:00,Wayne,0.024298612
2024-05-21 16:00:00,Howard,0.030714994
2024-05-21 16:00:00,Union,0.012799975
2024-05-21 16:00:00,Taylor,0.012014497
2024-05-21 16:00:00,Dubuque,0.0058547184
2024-05-21 16:00:00,Poweshiek,0.004256149
2024-05-21 16:00:00,Hancock,0.06257857
2024-05-21 16:00:00,Fremont,0.0015140092
2024-05-21 16:00:00,Scott,0.0030302196
2024-05-21 16:00:00,Jasper,0.0047174646
2024-05-21 16:00:00,Sac,0.002368775
2024-05-21 16:00:00,Page,0.061565988
2024-05-21 16:00:00,Obrien,0.00036907257
2024-05-21 16:00:00,Pottawattamie,0.00040569346
2024-05-21 16:00:00,Calhoun,0.03686952
2024-05-21 16:00:00,Boone,0.0359028
2024-05-21 16:00:00,Wapello,0.0059123803
2024-05-21 16:00:00,Webster,0.007100539
2024-05-21 16:00:00,Polk,0.32447022
2024-05-21 17:00:00,Hancock,0.03459761
2024-05-21 17:00:00,Union,0.005978964
2024-05-21 17:00:00,Grundy,0.0067152046
2024-05-21 17:00:00,Des Moines,0.09363093
2024-05-21 17:00:00,Floyd,0.09908797
2024-05-21 17:00:00,Dickinson,0.002266014
2024-05-21 17:00:00,Shelby,0.0009636437
2024-05-21 17:00:00,Van Buren,0.052139573
2024-05-21 17:00:00,Dallas,0.01307095
2024-05-21 17:00:00,Jackson,0.0051340014
2024-05-21 17:00:00,Carroll,0.00048706558
2024-05-21 17:00:00,Mills,0.001378461
2024-05-21 17:00:00,Keokuk,0.0055836835
2024-05-21 17:00:00,Audubon,0.00046885406
2024-05-21 17:00:00,Tama,0.019401932
2024-05-21 17:00:00,Winnebago,0.07311381
2024-05-21 17:00:00,Pottawattamie,0.0017807363
2024-05-21 17:00:00,Guthrie,0.03437285
2024-05-21 17:00:00,Buena Vista,0.0012040386
2024-05-21 17:00:00,Page,0.0009236495
2024-05-21 17:00:00,Delaware,0.02826359
2024-05-21 17:00:00,Allamakee,0.007336288
2024-05-21 17:00:00,Fayette,0.027525023
2024-05-21 17:00:00,Obrien,0.0014770614
2024-05-21 17:00:00,Mahaska,0.0005687399
2024-05-21 17:00:00,Johnson,0.02505707
2024-05-21 17:00:00,Sac,8.640064e-05
2024-05-21 17:00:00,Woodbury,0.00084055646
2024-05-21 17:00:00,Poweshiek,0.0017684258
2024-05-21 17:00:00,Howard,0.019965582
2024-05-21 17:00:00,Plymouth,0.0006479306
2024-05-21 17:00:00,Davis,0.002155325
2024-05-21 17:00:00,Story,0.025552565
2024-05-21 17:00:00,Mitchell,0.003201756
2024-05-21 17:00:00,Marion,0.13334365
2024-05-21 17:00:00,Osceola,0.00018133837
2024-05-21 17:00:00,Monona,0.00092215074
2024-05-21 17:00:00,Dubuque,0.0066349814
2024-05-21 17:00:00,Lee,0.00095110503
2024-05-21 17:00:00,Clayton,0.015910221
2024-05-21 17:00:00,Madison,0.063290514
2024-05-21 17:00:00,Jasper,0.013254278
2024-05-21 17:00:00,Monroe,0.0005342163
2024-05-21 17:00:00,Wayne,0.007312079
2024-05-21 17:00:00,Cherokee,0.00014225378
2024-05-21 17:00:00,Black Hawk,0.0075281784
2024-05-21 17:00:00,Clay,0.0003550126
2024-05-21 17:00:00,Marshall,0.0016839122
2024-05-21 17:00:00,Louisa,0.0002642401
2024-05-21 17:00:00,Warren,0.0061028963
2024-05-21 17:00:00,Jones,0.0011776312
2024-05-21 17:00:00,Scott,0.0006906909
2024-05-21 17:00:00,Greene,0.000113632545
2024-05-21 17:00:00,Crawford,0.0037393335
2024-05-21 17:00:00,Calhoun,0.0010101508
2024-05-21 17:00:00,Washington,0.085820735
2024-05-21 17:00:00,Pocahontas,0.00010373723
2024-05-21 17:00:00,Muscatine,0.0036657385
2024-05-21 17:00:00,Iowa,0.009894751
2024-05-21 17:00:00,Lyon,0.0001506665
2024-05-21 17:00:00,Cedar,0.057343673
2024-05-21 17:00:00,Polk,0.00036472632
2024-05-21 17:00:00,Winneshiek,0.00957876
2024-05-21 17:00:00,Wright,0.013631961
2024-05-21 17:00:00,Adams,0.0015766812
2024-05-21 17:00:00,Cerro Gordo,0.0267748
2024-05-21 17:00:00,Franklin,0.027758067
2024-05-21 17:00:00,Decatur,0.09134725
2024-05-21 17:00:00,Cass,0.0019623674
2024-05-21 17:00:00,Linn,0.0064396034
2024-05-21 17:00:00,Harrison,0.0012063081
2024-05-21 17:00:00,Appanoose,0.00060653826
2024-05-21 17:00:00,Benton,0.0117409155
2024-05-21 17:00:00,Hamilton,0.009858427
2024-05-21 17:00:00,Webster,0.004797589
2024-05-21 17:00:00,Ida,0.0025653436
2024-05-21 17:00:00,Taylor,0.0007897952
2024-05-21 17:00:00,Bremer,0.022360357
2024-05-21 17:00:00,Sioux,0.00031418176
2024-05-21 17:00:00,Henry,0.114529915
2024-05-21 17:00:00,Jefferson,0.045674726
2024-05-21 17:00:00,Buchanan,0.0010485228
2024-05-21 17:00:00,Wapello,0.00069964083
2024-05-21 17:00:00,Palo Alto,0.007434961
2024-05-21 17:00:00,Butler,0.009607256
2024-05-21 17:00:00,Worth,0.020751067
2024-05-21 17:00:00,Ringgold,0.03319006
2024-05-21 17:00:00,Hardin,0.013993761
2024-05-21 17:00:00,Boone,0.021519193
2024-05-21 17:00:00,Montgomery,0.00089189206
2024-05-21 17:00:00,Emmet,0.0068204557
2024-05-21 17:00:00,Clarke,0.026951391
2024-05-21 17:00:00,Lucas,0.11693615
2024-05-21 17:00:00,Kossuth,0.017692937
2024-05-21 17:00:00,Adair,0.008952522
2024-05-21 17:00:00,Chickasaw,0.009354763
2024-05-21 17:00:00,Humboldt,0.038953125
2024-05-21 17:00:00,Fremont,0.0016248883
2024-05-21 17:00:00,Clinton,0.0033479661
2024-05-21 18:00:00,Marion,0.008030426
2024-05-21 18:00:00,Hancock,0.0033942903
2024-05-21 18:00:00,Osceola,9.945035e-05
2024-05-21 18:00:00,Fayette,0.015780294
2024-05-21 18:00:00,Appanoose,0.20588085
2024-05-21 18:00:00,Ringgold,0.0021993942
2024-05-21 18:00:00,Henry,0.3487593
2024-05-21 18:00:00,Obrien,0.00015612878
2024-05-21 18:00:00,Chickasaw,0.00312915
2024-05-21 18:00:00,Wayne,0.1076465
2024-05-21 18:00:00,Davis,0.16405721
2024-05-21 18:00:00,Howard,0.008013745
2024-05-21 18:00:00,Fremont,0.0005566934
2024-05-21 18:00:00,Mills,0.0010355464
2024-05-21 18:00:00,Sioux,0.00084373297
2024-05-21 18:00:00,Taylor,0.0008469175
2024-05-21 18:00:00,Winnebago,0.00072348176
2024-05-21 18:00:00,Emmet,0.00026924108
2024-05-21 18:00:00,Clayton,0.021939222
2024-05-21 18:00:00,Mitchell,0.012225534
2024-05-21 18:00:00,Page,0.0011726834
2024-05-21 18:00:00,Palo Alto,0.000677952
2024-05-21 18:00:00,Jefferson,0.0028868334
2024-05-21 18:00:00,Van Buren,0.006795294
2024-05-21 18:00:00,Allamakee,0.0033390182
2024-05-21 18:00:00,Montgomery,0.0011390949
2024-05-21 18:00:00,Louisa,0.00059880887
2024-05-21 18:00:00,Des Moines,0.21539323
2024-05-21 18:00:00,Winneshiek,0.016599847
2024-05-21 18:00:00,Clay,0.00011917679
2024-05-21 18:00:00,Kossuth,0.00082947145
2024-05-21 18:00:00,Clarke,0.00037057343
2024-05-21 18:00:00,Lucas,0.0467844
2024-05-21 18:00:00,Lyon,0.0005686965
2024-05-21 18:00:00,Floyd,0.004340698
2024-05-21 18:00:00,Monroe,0.031962384
2024-05-21 18:00:00,Adams,0.0013496823
2024-05-21 18:00:00,Cerro Gordo,0.0041656704
2024-05-21 18:00:00,Dickinson,0.001996706
2024-05-21 18:00:00,Union,0.0024625596
2024-05-21 18:00:00,Worth,0.019618832
2024-05-21 18:00:00,Lee,0.016515719
2024-05-21 18:00:00,Wapello,0.069161065
2024-05-21 18:00:00,Decatur,0.001456957
2024-05-21 18:00:00,Buena Vista,0.0016642943
2024-05-21 18:00:00,Polk,0.008372988
2024-05-21 18:00:00,Buchanan,0.008721503
2024-05-21 18:00:00,Dallas,0.0006121131
2024-05-21 18:00:00,Pocahontas,0.00023316454
2024-05-21 18:00:00,Keokuk,0.035919536
2024-05-21 18:00:00,Black Hawk,0.021473717
2024-05-21 18:00:00,Johnson,0.014562632
2024-05-21 18:00:00,Iowa,0.5707778
2024-05-21 18:00:00,Cass,0.0016234183
2024-05-21 18:00:00,Ida,0.00057913986
2024-05-21 18:00:00,Linn,0.016301852
2024-05-21 18:00:00,Audubon,0.0015682292
2024-05-21 18:00:00,Warren,0.024188368
2024-05-21 18:00:00,Greene,0.00045786097
2024-05-21 18:00:00,Sac,0.0034262661
2024-05-21 18:00:00,Guthrie,0.0005108161
2024-05-21 18:00:00,Webster,0.00024199276
2024-05-21 18:00:00,Adair,0.0016878535
2024-05-21 18:00:00,Carroll,0.0004516233
2024-05-21 18:00:00,Pottawattamie,0.0013782037
2024-05-21 18:00:00,Franklin,0.012760654
2024-05-21 18:00:00,Muscatine,0.06368916
2024-05-21 18:00:00,Wright,0.0013168857
2024-05-21 18:00:00,Scott,0.00058538234
2024-05-21 18:00:00,Washington,0.009434485
2024-05-21 18:00:00,Butler,0.030671392
2024-05-21 18:00:00,Jasper,0.08268714
2024-05-21 18:00:00,Dubuque,0.7709813
2024-05-21 18:00:00,Crawford,0.0020301696
2024-05-21 18:00:00,Benton,0.0018925482
2024-05-21 18:00:00,Tama,0.00053638144
2024-05-21 18:00:00,Poweshiek,0.020568863
2024-05-21 18:00:00,Delaware,0.4831928
2024-05-21 18:00:00,Humboldt,0.00015156883
2024-05-21 18:00:00,Shelby,0.0008496969
2024-05-21 18:00:00,Calhoun,0.00016169483
2024-05-21 18:00:00,Woodbury,0.0009306224
2024-05-21 18:00:00,Bremer,0.07842814
2024-05-21 18:00:00,Clinton,0.18937194
2024-05-21 18:00:00,Jones,0.58878976
2024-05-21 18:00:00,Monona,0.0006045204
2024-05-21 18:00:00,Jackson,0.5766597
2024-05-21 18:00:00,Madison,0.00038118215
2024-05-21 18:00:00,Cherokee,0.00061359
2024-05-21 18:00:00,Story,0.03275639
2024-05-21 18:00:00,Hamilton,0.0005033965
2024-05-21 18:00:00,Mahaska,0.08193845
2024-05-21 18:00:00,Grundy,0.022176249
2024-05-21 18:00:00,Boone,0.00012249527
2024-05-21 18:00:00,Marshall,0.0732704
2024-05-21 18:00:00,Harrison,0.0008913165
2024-05-21 18:00:00,Cedar,0.04184444
2024-05-21 18:00:00,Plymouth,0.0009792303
2024-05-21 18:00:00,Hardin,0.010506383
2024-05-21 19:00:00,Dubuque,0.510511
2024-05-21 19:00:00,Wapello,0.0657699
2024-05-21 19:00:00,Obrien,0.00059067976
2024-05-21 19:00:00,Jones,0.15683015
2024-05-21 19:00:00,Poweshiek,0.08874619
2024-05-21 19:00:00,Grundy,0.0035418118
2024-05-21 19:00:00,Delaware,0.001516215
2024-05-21 19:00:00,Marshall,0.001316539
2024-05-21 19:00:00,Benton,0.005863806
2024-05-21 19:00:00,Jasper,0.00025174685
2024-05-21 19:00:00,Union,0.0011062499
2024-05-21 19:00:00,Van Buren,0.012266029
2024-05-21 19:00:00,Bremer,0.020326732
2024-05-21 19:00:00,Henry,0.20442776
2024-05-21 19:00:00,Hancock,0.0014204003
2024-05-21 19:00:00,Pottawattamie,0.00060399
2024-05-21 19:00:00,Jackson,0.8188605
2024-05-21 19:00:00,Emmet,0.00036010926
2024-05-21 19:00:00,Appanoose,0.0016552339
2024-05-21 19:00:00,Clay,0.0005529649
2024-05-21 19:00:00,Muscatine,0.33808815
2024-05-21 19:00:00,Franklin,0.0009667709
2024-05-21 19:00:00,Jefferson,0.24052821
2024-05-21 19:00:00,Palo Alto,0.0003449186
2024-05-21 19:00:00,Davis,0.26103255
2024-05-21 19:00:00,Scott,0.33872426
2024-05-21 19:00:00,Story,0.010707927
2024-05-21 19:00:00,Butler,0.001977043
2024-05-21 19:00:00,Boone,0.00051136804
2024-05-21 19:00:00,Carroll,0.00060162717
2024-05-21 19:00:00,Winneshiek,0.00092956785
2024-05-21 19:00:00,Clarke,0.0016020401
2024-05-21 19:00:00,Winnebago,0.0020906248
2024-05-21 19:00:00,Guthrie,0.001313747
2024-05-21 19:00:00,Cedar,0.416702
2024-05-21 19:00:00,Kossuth,0.002700755
2024-05-21 19:00:00,Ida,0.0010149615
2024-05-21 19:00:00,Dickinson,0.00018919661
2024-05-21 19:00:00,Fremont,0.00072896195
2024-05-21 19:00:00,Linn,0.041662153
2024-05-21 19:00:00,Audubon,0.001058983
2024-05-21 19:00:00,Howard,0.0020130437
2024-05-21 19:00:00,Sac,0.0006118072
2024-05-21 19:00:00,Greene,0.0015312809
2024-05-21 19:00:00,Shelby,0.0016813579
2024-05-21 19:00:00,Taylor,0.0013490468
2024-05-21 19:00:00,Page,0.00069848396
2024-05-21 19:00:00,Calhoun,0.0032326567
2024-05-21 19:00:00,Hamilton,0.00017093113
2024-05-21 19:00:00,Polk,0.0023287905
2024-05-21 19:00:00,Des Moines,0.041824184
2024-05-21 19:00:00,Johnson,0.08699311
2024-05-21 19:00:00,Sioux,0.00077147
2024-05-21 19:00:00,Harrison,0.0003761761
2024-05-21 19:00:00,Webster,0.0004670613
2024-05-21 19:00:00,Osceola,0.0001330517
2024-05-21 19:00:00,Iowa,0.037901852
2024-05-21 19:00:00,Allamakee,0.019689042
2024-05-21 19:00:00,Hardin,0.00053951074
2024-05-21 19:00:00,Woodbury,0.0010958877
2024-05-21 19:00:00,Buchanan,0.022044808
2024-05-21 19:00:00,Worth,0.0571673
2024-05-21 19:00:00,Clinton,0.7018175
2024-05-21 19:00:00,Ringgold,0.0010707766
2024-05-21 19:00:00,Black Hawk,0.09193071
2024-05-21 19:00:00,Monroe,0.0016307933
2024-05-21 19:00:00,Wayne,0.039573308
2024-05-21 19:00:00,Mitchell,0.03710332
2024-05-21 19:00:00,Lucas,0.031546626
2024-05-21 19:00:00,Decatur,0.0010318422
2024-05-21 19:00:00,Dallas,0.001823178
2024-05-21 19:00:00,Cherokee,0.000961348
2024-05-21 19:00:00,Tama,0.0008403362
2024-05-21 19:00:00,Mahaska,0.001010933
2024-05-21 19:00:00,Adams,0.001290619
2024-05-21 19:00:00,Cerro Gordo,0.0008449446
2024-05-21 19:00:00,Clayton,0.0021435306
2024-05-21 19:00:00,Washington,0.3855012
2024-05-21 19:00:00,Montgomery,0.001284869
2024-05-21 19:00:00,Lyon,0.0007949698
2024-05-21 19:00:00,Floyd,0.013058187
2024-05-21 19:00:00,Madison,0.002049253
2024-05-21 19:00:00,Chickasaw,0.0017397453
2024-05-21 19:00:00,Keokuk,0.80468225
2024-05-21 19:00:00,Marion,0.005244727
2024-05-21 19:00:00,Louisa,0.011196388
2024-05-21 19:00:00,Adair,0.00089952745
2024-05-21 19:00:00,Plymouth,0.0007376081
2024-05-21 19:00:00,Lee,0.022734707
2024-05-21 19:00:00,Mills,0.0007168801
2024-05-21 19:00:00,Warren,0.0025768983
2024-05-21 19:00:00,Buena Vista,0.0009007153
2024-05-21 19:00:00,Pocahontas,0.0010774466
2024-05-21 19:00:00,Monona,0.0012591664
2024-05-21 19:00:00,Fayette,0.05263082
2024-05-21 19:00:00,Humboldt,0.0003027961
2024-05-21 19:00:00,Cass,0.0014425567
2024-05-21 19:00:00,Crawford,0.00092781975
2024-05-21 19:00:00,Wright,0.00019307357
2024-05-21 20:00:00,Polk,0.002428398
2024-05-21 20:00:00,Adair,0.0017839387
2024-05-21 20:00:00,Buena Vista,0.002482357
2024-05-21 20:00:00,Guthrie,0.0013363647
2024-05-21 20:00:00,Cherokee,0.0006641782
2024-05-21 20:00:00,Montgomery,0.00038905826
2024-05-21 20:00:00,Floyd,0.06422089
2024-05-21 20:00:00,Delaware,0.07424112
2024-05-21 20:00:00,Clarke,0.0014630605
2024-05-21 20:00:00,Ida,0.00060016674
2024-05-21 20:00:00,Poweshiek,0.0005358221
2024-05-21 20:00:00,Obrien,0.00016132675
2024-05-21 20:00:00,Hamilton,0.009248157
2024-05-21 20:00:00,Wapello,0.0029440764
2024-05-21 20:00:00,Humboldt,0.0039865277
2024-05-21 20:00:00,Fremont,0.00054932706
2024-05-21 20:00:00,Jones,0.44143367
2024-05-21 20:00:00,Winnebago,0.0060345917
2024-05-21 20:00:00,Tama,0.0023043775
2024-05-21 20:00:00,Van Buren,0.012077885
2024-05-21 20:00:00,Monroe,0.0015644268
2024-05-21 20:00:00,Mills,0.00042738285
2024-05-21 20:00:00,Clinton,0.0024224806
2024-05-21 20:00:00,Black Hawk,0.005783503
2024-05-21 20:00:00,Hardin,0.00065218
2024-05-21 20:00:00,Decatur,0.0014474846
2024-05-21 20:00:00,Dallas,0.002353151
2024-05-21 20:00:00,Mitchell,0.027067224
2024-05-21 20:00:00,Allamakee,0.057510722
2024-05-21 20:00:00,Johnson,0.12259946
2024-05-21 20:00:00,Pocahontas,0.00035874514
2024-05-21 20:00:00,Worth,0.0020393643
2024-05-21 20:00:00,Keokuk,0.00055090716
2024-05-21 20:00:00,Carroll,0.0015756576
2024-05-21 20:00:00,Buchanan,0.11879237
2024-05-21 20:00:00,Woodbury,0.0004526521
2024-05-21 20:00:00,Lucas,0.0014431345
2024-05-21 20:00:00,Ringgold,0.0007013401
2024-05-21 20:00:00,Des Moines,0.08221938
2024-05-21 20:00:00,Iowa,0.0030459245
2024-05-21 20:00:00,Chickasaw,0.020409169
2024-05-21 20:00:00,Linn,0.008449541
2024-05-21 20:00:00,Marshall,0.00038972238
2024-05-21 20:00:00,Webster,0.004102658
2024-05-21 20:00:00,Grundy,0.00083683553
2024-05-21 20:00:00,Marion,0.0015481949
2024-05-21 20:00:00,Sioux,0.0003787632
2024-05-21 20:00:00,Madison,0.0018798636
2024-05-21 20:00:00,Osceola,0.00017847966
2024-05-21 20:00:00,Lee,0.0144747915
2024-05-21 20:00:00,Clayton,0.0025128294
2024-05-21 20:00:00,Audubon,0.0010271432
2024-05-21 20:00:00,Shelby,0.00055849086
2024-05-21 20:00:00,Palo Alto,0.00038087412
2024-05-21 20:00:00,Davis,0.0033875755
2024-05-21 20:00:00,Louisa,0.007107289
2024-05-21 20:00:00,Kossuth,0.00052082253
2024-05-21 20:00:00,Wright,0.005165888
2024-05-21 20:00:00,Franklin,0.0033180884
2024-05-21 20:00:00,Adams,0.0007647291
2024-05-21 20:00:00,Muscatine,0.11216231
2024-05-21 20:00:00,Page,0.00042384333
2024-05-21 20:00:00,Greene,0.0013744746
2024-05-21 20:00:00,Fayette,0.057184216
2024-05-21 20:00:00,Mahaska,0.083793364
2024-05-21 20:00:00,Appanoose,0.0023399778
2024-05-21 20:00:00,Bremer,0.010912477
2024-05-21 20:00:00,Lyon,0.00057205075
2024-05-21 20:00:00,Calhoun,0.0015428874
2024-05-21 20:00:00,Jackson,0.034360293
2024-05-21 20:00:00,Winneshiek,0.043041036
2024-05-21 20:00:00,Henry,0.095923245
2024-05-21 20:00:00,Cass,0.0010787058
2024-05-21 20:00:00,Pottawattamie,0.0005085277
2024-05-21 20:00:00,Boone,0.0013454843
2024-05-21 20:00:00,Harrison,0.00032740697
2024-05-21 20:00:00,Hancock,0.010726628
2024-05-21 20:00:00,Taylor,0.0007271719
2024-05-21 20:00:00,Monona,0.0005014603
2024-05-21 20:00:00,Cedar,0.73382634
2024-05-21 20:00:00,Jefferson,0.03270595
2024-05-21 20:00:00,Wayne,0.0011569121
2024-05-21 20:00:00,Benton,0.002220016
2024-05-21 20:00:00,Jasper,0.0016232877
2024-05-21 20:00:00,Scott,0.3512917
2024-05-21 20:00:00,Howard,0.004971292
2024-05-21 20:00:00,Warren,0.0018696239
2024-05-21 20:00:00,Union,0.0015335083
2024-05-21 20:00:00,Clay,0.00020686026
2024-05-21 20:00:00,Cerro Gordo,0.008764792
2024-05-21 20:00:00,Emmet,0.0005234792
2024-05-21 20:00:00,Washington,0.4610257
2024-05-21 20:00:00,Dickinson,0.00016389327
2024-05-21 20:00:00,Butler,0.00021130311
2024-05-21 20:00:00,Sac,0.0010546905
2024-05-21 20:00:00,Story,0.002385873
2024-05-21 20:00:00,Dubuque,0.28816128
2024-05-21 20:00:00,Plymouth,0.0005056732
2024-05-21 20:00:00,Crawford,0.0007555003
2024-05-21 21:00:00,Cherokee,0.0005479301
2024-05-21 21:00:00,Ida,0.00045604282
2024-05-21 21:00:00,Fremont,0.00018313542
2024-05-21 21:00:00,Johnson,0.15138783
2024-05-21 21:00:00,Winneshiek,0.012152922
2024-05-21 21:00:00,Clinton,0.8812796
2024-05-21 21:00:00,Floyd,4.4800712e-05
2024-05-21 21:00:00,Audubon,0.0005553354
2024-05-21 21:00:00,Clayton,0.0035946134
2024-05-21 21:00:00,Harrison,0.0001591952
2024-05-21 21:00:00,Kossuth,0.0014069142
2024-05-21 21:00:00,Taylor,0.00026192798
2024-05-21 21:00:00,Mitchell,0.011067118
2024-05-21 21:00:00,Hamilton,0.0021239675
2024-05-21 21:00:00,Greene,0.0023109326
2024-05-21 21:00:00,Buena Vista,0.0005396319
2024-05-21 21:00:00,Cedar,0.09130631
2024-05-21 21:00:00,Winnebago,0.0047911047
2024-05-21 21:00:00,Shelby,0.00028411677
2024-05-21 21:00:00,Louisa,0.0048793796
2024-05-21 21:00:00,Sac,0.00062488375
2024-05-21 21:00:00,Guthrie,0.0011172727
2024-05-21 21:00:00,Keokuk,0.0012762704
2024-05-21 21:00:00,Monona,0.00019853638
2024-05-21 21:00:00,Madison,0.001806026
2024-05-21 21:00:00,Des Moines,0.047580037
2024-05-21 21:00:00,Warren,0.0021158403
2024-05-21 21:00:00,Page,0.00028692358
2024-05-21 21:00:00,Ringgold,0.0003038024
2024-05-21 21:00:00,Woodbury,0.00022040766
2024-05-21 21:00:00,Howard,0.24812834
2024-05-21 21:00:00,Linn,0.05714348
2024-05-21 21:00:00,Decatur,0.00028418042
2024-05-21 21:00:00,Lyon,0.00015205143
2024-05-21 21:00:00,Mills,0.00026333975
2024-05-21 21:00:00,Story,0.0023727054
2024-05-21 21:00:00,Butler,0.0002785688
2024-05-21 21:00:00,Union,0.0007137783
2024-05-21 21:00:00,Emmet,0.00010666681
2024-05-21 21:00:00,Benton,0.0005345474
2024-05-21 21:00:00,Clay,0.00020626704
2024-05-21 21:00:00,Cerro Gordo,0.00023546942
2024-05-21 21:00:00,Jasper,0.0017581643
2024-05-21 21:00:00,Washington,0.047972377
2024-05-21 21:00:00,Dubuque,0.08381522
2024-05-21 21:00:00,Grundy,0.0003960431
2024-05-21 21:00:00,Monroe,0.0012995469
2024-05-21 21:00:00,Poweshiek,0.0017416269
2024-05-21 21:00:00,Wapello,0.0034279698
2024-05-21 21:00:00,Plymouth,0.00019163676
2024-05-21 21:00:00,Scott,0.7630999
2024-05-21 21:00:00,Lee,0.007759255
2024-05-21 21:00:00,Mahaska,0.0020568606
2024-05-21 21:00:00,Crawford,0.00027117116
2024-05-21 21:00:00,Hancock,0.0025507777
2024-05-21 21:00:00,Dickinson,0.00027047686
2024-05-21 21:00:00,Wright,0.002001456
2024-05-21 21:00:00,Pottawattamie,0.00023064303
2024-05-21 21:00:00,Henry,0.021902407
2024-05-21 21:00:00,Jackson,0.09255421
2024-05-21 21:00:00,Cass,0.00047846785
2024-05-21 21:00:00,Bremer,0.014923382
2024-05-21 21:00:00,Fayette,0.0020597705
2024-05-21 21:00:00,Appanoose,0.0009776521
2024-05-21 21:00:00,Palo Alto,0.001300034
2024-05-21 21:00:00,Davis,0.003729402
2024-05-21 21:00:00,Muscatine,0.020219935
2024-05-21 21:00:00,Adams,0.00030376966
2024-05-21 21:00:00,Jefferson,0.0027059987
2024-05-21 21:00:00,Franklin,0.0002827373
2024-05-21 21:00:00,Obrien,0.00014852658
2024-05-21 21:00:00,Humboldt,0.0027886066
2024-05-21 21:00:00,Delaware,0.48610482
2024-05-21 21:00:00,Chickasaw,0.9027674
2024-05-21 21:00:00,Jones,0.029787457
2024-05-21 21:00:00,Tama,0.0003459512
2024-05-21 21:00:00,Montgomery,0.00016714197
2024-05-21 21:00:00,Pocahontas,0.00089082663
2024-05-21 21:00:00,Lucas,0.0012556388
2024-05-21 21:00:00,Iowa,0.0022219792
2024-05-21 21:00:00,Osceola,0.00014924137
2024-05-21 21:00:00,Worth,0.00843234
2024-05-21 21:00:00,Buchanan,0.0030409663
2024-05-21 21:00:00,Allamakee,0.0035878073
2024-05-21 21:00:00,Dallas,0.0019670883
2024-05-21 21:00:00,Wayne,0.0005442659
2024-05-21 21:00:00,Black Hawk,0.010646176
2024-05-21 21:00:00,Hardin,0.0039024465
2024-05-21 21:00:00,Calhoun,0.0015603519
2024-05-21 21:00:00,Marion,0.0022701933
2024-05-21 21:00:00,Adair,0.0007690317
2024-05-21 21:00:00,Marshall,0.0014136288
2024-05-21 21:00:00,Clarke,0.0016657399
2024-05-21 21:00:00,Polk,0.002286677
2024-05-21 21:00:00,Van Buren,0.0018408579
2024-05-21 21:00:00,Boone,0.0014436623
2024-05-21 21:00:00,Carroll,0.00076115824
2024-05-21 21:00:00,Sioux,0.0002253334
2024-05-21 21:00:00,Webster,0.0029638587
2024-05-21 22:00:00,Jackson,0.015595466
2024-05-21 22:00:00,Taylor,0.00017568543
2024-05-21 22:00:00,Plymouth,0.00016096029
2024-05-21 22:00:00,Madison,0.0004160794
2024-05-21 22:00:00,Van Buren,0.00068274554
2024-05-21 22:00:00,Allamakee,0.025341833
2024-05-21 22:00:00,Boone,0.0017058613
2024-05-21 22:00:00,Jones,0.08520273
2024-05-21 22:00:00,Clayton,0.009799628
2024-05-21 22:00:00,Clinton,0.33349687
2024-05-21 22:00:00,Decatur,0.00026363943
2024-05-21 22:00:00,Marion,0.0008259663
2024-05-21 22:00:00,Davis,0.0006315467
2024-05-21 22:00:00,Cedar,0.047349166
2024-05-21 22:00:00,Grundy,0.00460034
2024-05-21 22:00:00,Hardin,0.0036836856
2024-05-21 22:00:00,Ringgold,0.00034820667
2024-05-21 22:00:00,Hamilton,0.0035401105
2024-05-21 22:00:00,Mahaska,0.0011126265
2024-05-21 22:00:00,Kossuth,0.00046858974
2024-05-21 22:00:00,Emmet,0.00018804935
2024-05-21 22:00:00,Story,0.00293437
2024-05-21 22:00:00,Fayette,0.0005266181
2024-05-21 22:00:00,Marshall,0.0027807106
2024-05-21 22:00:00,Johnson,0.0009017483
2024-05-21 22:00:00,Calhoun,0.0008347191
2024-05-21 22:00:00,Dubuque,0.0072947517
2024-05-21 22:00:00,Washington,0.0015144532
2024-05-21 22:00:00,Poweshiek,0.0035188142
2024-05-21 22:00:00,Wapello,0.0007160754
2024-05-21 22:00:00,Lee,0.0018372079
2024-05-21 22:00:00,Obrien,0.00012753825
2024-05-21 22:00:00,Montgomery,0.00014789063
2024-05-21 22:00:00,Cerro Gordo,0.0013791005
2024-05-21 22:00:00,Delaware,0.0076193637
2024-05-21 22:00:00,Clarke,0.00049471826
2024-05-21 22:00:00,Sioux,0.00013265481
2024-05-21 22:00:00,Adair,0.0002442845
2024-05-21 22:00:00,Webster,0.0016709435
2024-05-21 22:00:00,Carroll,0.00035469377
2024-05-21 22:00:00,Iowa,0.007508794
2024-05-21 22:00:00,Chickasaw,0.00039440265
2024-05-21 22:00:00,Polk,0.0024862837
2024-05-21 22:00:00,Jasper,0.0031733857
2024-05-21 22:00:00,Union,0.00019139936
2024-05-21 22:00:00,Benton,0.0036818867
2024-05-21 22:00:00,Hancock,0.00050485035
2024-05-21 22:00:00,Lyon,0.00014099221
2024-05-21 22:00:00,Pottawattamie,0.00014561007
2024-05-21 22:00:00,Henry,0.0010924678
2024-05-21 22:00:00,Appanoose,0.0007185165
2024-05-21 22:00:00,Cass,0.00020881477
2024-05-21 22:00:00,Bremer,0.00042226387
2024-05-21 22:00:00,Adams,0.00029505277
2024-05-21 22:00:00,Palo Alto,0.0013193921
2024-05-21 22:00:00,Muscatine,0.018140137
2024-05-21 22:00:00,Jefferson,0.0012757374
2024-05-21 22:00:00,Franklin,0.0033397959
2024-05-21 22:00:00,Crawford,0.00016579736
2024-05-21 22:00:00,Scott,0.007524969
2024-05-21 22:00:00,Clay,0.00026065868
2024-05-21 22:00:00,Humboldt,0.0011459232
2024-05-21 22:00:00,Butler,0.0022867392
2024-05-21 22:00:00,Lucas,0.0009650233
2024-05-21 22:00:00,Worth,0.0032141234
2024-05-21 22:00:00,Pocahontas,0.0004605699
2024-05-21 22:00:00,Buena Vista,0.00024521
2024-05-21 22:00:00,Ida,0.00025088163
2024-05-21 22:00:00,Audubon,0.00022769698
2024-05-21 22:00:00,Floyd,0.0001803799
2024-05-21 22:00:00,Fremont,0.00010606666
2024-05-21 22:00:00,Osceola,0.00012853781
2024-05-21 22:00:00,Monona,0.00032000314
2024-05-21 22:00:00,Howard,0.0041068955
2024-05-21 22:00:00,Buchanan,0.0036187957
2024-05-21 22:00:00,Louisa,0.003745278
2024-05-21 22:00:00,Page,0.0001439124
2024-05-21 22:00:00,Sac,0.00018417594
2024-05-21 22:00:00,Warren,0.0005512898
2024-05-21 22:00:00,Greene,0.0008105622
2024-05-21 22:00:00,Winneshiek,0.00013175447
2024-05-21 22:00:00,Harrison,0.0001182799
2024-05-21 22:00:00,Cherokee,0.00021863922
2024-05-21 22:00:00,Shelby,0.00016622491
2024-05-21 22:00:00,Winnebago,0.00046813145
2024-05-21 22:00:00,Dickinson,0.00017882972
2024-05-21 22:00:00,Keokuk,0.0008782704
2024-05-21 22:00:00,Mills,0.00014550127
2024-05-21 22:00:00,Mitchell,0.0001330621
2024-05-21 22:00:00,Tama,0.001936267
2024-05-21 22:00:00,Dallas,0.001022188
2024-05-21 22:00:00,Wright,0.0050214715
2024-05-21 22:00:00,Black Hawk,0.0033986904
2024-05-21 22:00:00,Monroe,0.0008400188
2024-05-21 22:00:00,Woodbury,0.00022511263
2024-05-21 22:00:00,Linn,0.0030765221
2024-05-21 22:00:00,Des Moines,0.008599442
2024-05-21 22:00:00,Guthrie,0.0004128506
2024-05-21 22:00:00,Wayne,0.00058791105
2024-05-21 23:00:00,Greene,0.00062515656
2024-05-21 23:00:00,Jones,0.020414494
2024-05-21 23:00:00,Appanoose,0.00040371183
2024-05-21 23:00:00,Decatur,0.00024422514
2024-05-21 23:00:00,Linn,0.0054914174
2024-05-21 23:00:00,Lyon,0.00014060797
2024-05-21 23:00:00,Osceola,0.00012815035
2024-05-21 23:00:00,Crawford,0.00017378027
2024-05-21 23:00:00,Benton,0.003017268
2024-05-21 23:00:00,Tama,0.003716885
2024-05-21 23:00:00,Monona,0.0001724273
2024-05-21 23:00:00,Carroll,0.00022711916
2024-05-21 23:00:00,Wayne,0.00028441733
2024-05-21 23:00:00,Fayette,0.004520063
2024-05-21 23:00:00,Boone,0.0005502035
2024-05-21 23:00:00,Pottawattamie,7.131693e-05
2024-05-21 23:00:00,Henry,0.00064048264
2024-05-21 23:00:00,Bremer,0.0034313696
2024-05-21 23:00:00,Muscatine,0.0011136397
2024-05-21 23:00:00,Palo Alto,0.0009966671
2024-05-21 23:00:00,Jefferson,0.0002633681
2024-05-21 23:00:00,Franklin,0.0027077314
2024-05-21 23:00:00,Scott,0.01846806
2024-05-21 23:00:00,Clay,0.0002223343
2024-05-21 23:00:00,Butler,0.0034296822
2024-05-21 23:00:00,Union,0.00017050756
2024-05-21 23:00:00,Jasper,0.0012299131
2024-05-21 23:00:00,Obrien,0.00012753825
2024-05-21 23:00:00,Dubuque,0.034377072
2024-05-21 23:00:00,Poweshiek,0.0025632167
2024-05-21 23:00:00,Wapello,0.00042053568
2024-05-21 23:00:00,Delaware,0.012274178
2024-05-21 23:00:00,Wright,0.0006828165
2024-05-21 23:00:00,Hancock,0.0018556799
2024-05-21 23:00:00,Cass,0.00025821067
2024-05-21 23:00:00,Adams,0.00014045347
2024-05-21 23:00:00,Plymouth,0.00017797867
2024-05-21 23:00:00,Marion,0.0006355337
2024-05-21 23:00:00,Madison,0.00026457614
2024-05-21 23:00:00,Clayton,0.00727365
2024-05-21 23:00:00,Cherokee,0.00013265481
2024-05-21 23:00:00,Warren,0.00029551925
2024-05-21 23:00:00,Louisa,0.00061190047
2024-05-21 23:00:00,Floyd,0.0029213142
2024-05-21 23:00:00,Polk,0.0005730674
2024-05-21 23:00:00,Buena Vista,0.00022137922
2024-05-21 23:00:00,Mills,0.00011078207
2024-05-21 23:00:00,Chickasaw,0.0016852684
2024-05-21 23:00:00,Adair,0.00017072979
2024-05-21 23:00:00,Pocahontas,0.00031540563
2024-05-21 23:00:00,Montgomery,0.00012243431
2024-05-21 23:00:00,Washington,0.0012108611
2024-05-21 23:00:00,Cerro Gordo,0.0022797643
2024-05-21 23:00:00,Humboldt,0.0010539301
2024-05-21 23:00:00,Keokuk,0.000930009
2024-05-21 23:00:00,Dickinson,0.00022340124
2024-05-21 23:00:00,Clarke,0.00017922763
2024-05-21 23:00:00,Webster,0.00062594656
2024-05-21 23:00:00,Harrison,8.8871864e-05
2024-05-21 23:00:00,Calhoun,0.0004241242
2024-05-21 23:00:00,Taylor,0.00013934
2024-05-21 23:00:00,Cedar,0.01207961
2024-05-21 23:00:00,Kossuth,0.0020056646
2024-05-21 23:00:00,Hamilton,0.0006368506
2024-05-21 23:00:00,Clinton,0.036201365
2024-05-21 23:00:00,Ringgold,0.00019828741
2024-05-21 23:00:00,Allamakee,0.0026231196
2024-05-21 23:00:00,Hardin,0.002120983
2024-05-21 23:00:00,Marshall,0.0013960726
2024-05-21 23:00:00,Van Buren,0.00015865391
2024-05-21 23:00:00,Grundy,0.005688841
2024-05-21 23:00:00,Emmet,0.00031823703
2024-05-21 23:00:00,Story,0.0012806241
2024-05-21 23:00:00,Davis,0.00032798428
2024-05-21 23:00:00,Jackson,0.02726608
2024-05-21 23:00:00,Winneshiek,0.00020193912
2024-05-21 23:00:00,Sac,0.0004617575
2024-05-21 23:00:00,Page,0.0001055977
2024-05-21 23:00:00,Shelby,0.00015444437
2024-05-21 23:00:00,Iowa,0.0045944415
2024-05-21 23:00:00,Lucas,0.00042826866
2024-05-21 23:00:00,Worth,0.00045677982
2024-05-21 23:00:00,Buchanan,0.009124128
2024-05-21 23:00:00,Dallas,0.00042374557
2024-05-21 23:00:00,Mahaska,0.0017619444
2024-05-21 23:00:00,Monroe,0.0007648122
2024-05-21 23:00:00,Black Hawk,0.003921266
2024-05-21 23:00:00,Sioux,0.00013520171
2024-05-21 23:00:00,Mitchell,0.0027022604
2024-05-21 23:00:00,Woodbury,0.0001740343
2024-05-21 23:00:00,Des Moines,0.0012874882
2024-05-21 23:00:00,Guthrie,0.00024470716
2024-05-21 23:00:00,Winnebago,0.00038185468
2024-05-21 23:00:00,Audubon,0.0004023343
2024-05-21 23:00:00,Fremont,0.000104537496
2024-05-21 23:00:00,Ida,0.00024464648
2024-05-21 23:00:00,Howard,0.0006059922
2024-05-21 23:00:00,Johnson,0.0016611456
2024-05-21 23:00:00,Lee,0.00015786906
